公司全名,公司简称,公司规模,融资阶段,区域
北京佳格天地科技有限公司,佳格天地,50-150人,A轮,海淀区
北京五八到家信息技术有限公司,58到家,2000人以上,A轮,朝阳区
深圳市华云中盛科技有限公司,华云中盛,150-500人,不需要融资,石景山区
上海小鸿网络科技有限公司,小鸿科技,50-150人,B轮,海淀区
秒针信息技术有限公司,秒针系统,500-2000人,D轮及以上,朝阳区
京东金融,京东金融,2000人以上,上市公司,大兴区
北京和气聚力教育科技有限公司,好专业升学规划研究院,50-150人,A轮,朝阳区
北京好价网络科技有限公司,好价,50-150人,不需要融资,朝阳区
武汉佰钧成技术有限责任公司,武汉佰钧成技术有限公司,2000人以上,不需要融资,朝阳区
百融金融信息服务股份有限公司,百融金服,500-2000人,C轮,海淀区
北京慢点生活科技有限公司,动动,50-150人,B轮,朝阳区
北京青年众人网络安全技术有限公司,众人公司,50-150人,上市公司,海淀区
北京多牛互动传媒股份有限公司,多牛传媒,150-500人,上市公司,海淀区
北京四维图新科技股份有限公司,四维图新,2000人以上,上市公司,海淀区
北京大米未来科技有限公司,VIPKID,2000人以上,D轮及以上,东城区
北京优加利信息科技有限公司,优加利企业,150-500人,B轮,昌平区
北京深瞐科技有限公司,深瞐科技,50-150人,B轮,海淀区
畅捷通信息技术股份有限公司,畅捷通,500-2000人,上市公司,海淀区
新浪网技术（中国）有限公司,新浪网,2000人以上,上市公司,海淀区
华慧视科技（天津）有限公司,华慧视科技,15-50人,上市公司,海淀区
北京诺亦腾科技有限公司,诺亦腾,150-500人,C轮,西城区
北京星尘纪元智能科技有限公司,星尘数据,15-50人,A轮,朝阳区
联想（北京）有限公司,联想集团,2000人以上,上市公司,海淀区
北京京东世纪贸易有限公司,京东商城,2000人以上,上市公司,大兴区
一点网聚科技有限公司,一点资讯,500-2000人,D轮及以上,朝阳区
北京墨迹风云科技股份有限公司,墨迹天气,150-500人,C轮,朝阳区
北京航科天力系统工程技术有限公司,航科天力,15-50人,不需要融资,海淀区
北京数创天下信息科技有限公司,数创天下,500-2000人,未融资,丰台区
生命奇点（北京）科技有限公司,生命奇点,50-150人,A轮,海淀区
思特沃克软件技术（成都）有限公司,ThoughtWorks,2000人以上,不需要融资,东城区
杭州品联科技有限公司,杭州品联,150-500人,未融资,海淀区
盈嘉互联（北京）科技有限公司,盈嘉互联,50-150人,不需要融资,石景山区
百度在线网络技术（北京）有限公司,百度,2000人以上,不需要融资,海淀区
微梦创科网络科技（中国）有限公司,新浪微博,2000人以上,上市公司,海淀区
时趣互动（北京）科技有限公司,时趣social-touch,500-2000人,D轮及以上,朝阳区
驭势科技（北京）有限公司,驭势科技,50-150人,A轮,房山区
极晨智道信息技术（北京）有限公司,极晨智道信息技术有限公司,150-500人,未融资,海淀区
北京贵合祥云科贸有限公司,北京贵合祥云,15-50人,不需要融资,朝阳区
深圳晶泰科技有限公司,晶泰科技,50-150人,B轮,海淀区
中能瑞通(北京)科技有限公司,中能瑞通,50-150人,未融资,昌平区
北京猫眼文化传媒有限公司,猫眼电影,500-2000人,未融资,东城区
北京大智商医疗器械有限公司,北京大智商,15-50人,未融资,海淀区
北京史河科技有限公司,史河科技,15-50人,A轮,海淀区
国机智能技术研究院有限公司,国机智能技术研究院,50-150人,不需要融资,朝阳区
北京悦琦创通科技有限公司,悦琦医疗,150-500人,不需要融资,大兴区
北京金风慧能技术有限公司,金风科技,2000人以上,上市公司,大兴区
北京世纪好未来教育科技有限公司,好未来,2000人以上,上市公司,海淀区
北京华力创通科技股份有限公司,华力创通,500-2000人,上市公司,海淀区
北京航天宏图信息技术股份有限公司,北京航天宏图,500-2000人,D轮及以上,海淀区
北京真机智能科技有限公司,真机智能,少于15人,天使轮,海淀区
北京七鑫易维信息技术有限公司,七鑫易维,50-150人,B轮,朝阳区
北京庖丁科技有限公司,庖丁科技,50-150人,A轮,朝阳区
小立教育科技（北京）有限公司,小立教育,15-50人,天使轮,海淀区
深圳前海川谷信息技术有限公司,川谷金融科技,15-50人,天使轮,朝阳区
万惠投资管理有限公司,PPmoney互联网金融平台,500-2000人,上市公司,海淀区
北京盖娅互娱网络科技股份有限公司,盖娅互娱,500-2000人,上市公司,朝阳区
广州小狗机器人技术有限公司北京分公司,小狗机器人,150-500人,不需要融资,朝阳区
北京睿动体育服务有限公司,睿动体育,50-150人,A轮,朝阳区
北京自如友家资产管理有限公司,自如网,2000人以上,A轮,朝阳区
北京绿里生态科技有限公司,绿里,15-50人,A轮,通州区
北京极海纵横信息技术有限公司,GeoHey,15-50人,A轮,朝阳区
志诺维思（北京）基因科技有限公司,志诺维思,50-150人,A轮,海淀区
同方知网（北京）技术有限公司,知网,2000人以上,上市公司,海淀区
深思考人工智能机器人科技（北京）有限公司,深思考人工智能机器人,50-150人,A轮,海淀区
叮当快药（北京）科技有限公司,叮当快药,150-500人,A轮,东城区
深圳市智听科技有限公司,智听科技,15-50人,A轮,海淀区
北京云游九州空间科技有限公司,云游九州,15-50人,天使轮,海淀区
北京兴承科技有限公司,兴承科技,少于15人,天使轮,海淀区
深图（厦门）科技有限公司,深图智服DEEPIR,15-50人,天使轮,海淀区
银河水滴科技（北京）有限公司,水滴科技,50-150人,A轮,海淀区
北京国双科技有限公司,Gridsum 国双,500-2000人,上市公司,海淀区
乐视网信息技术（北京）股份有限公司,乐视,2000人以上,上市公司,朝阳区
北京朗视仪器有限公司,朗视仪器,50-150人,C轮,海淀区
神策网络科技（北京）有限公司,神策数据,150-500人,C轮,海淀区
北京度量科技有限公司,度量科技,15-50人,未融资,朝阳区
深圳市旭东数字医学影像技术有限公司,旭东数字影像,50-150人,A轮,海淀区
北京北大方正电子有限公司,方正电子,500-2000人,上市公司,海淀区
北京清影华康科技有限公司,北京清影华康,15-50人,天使轮,海淀区
北京图森智途科技有限公司,图森未来,150-500人,C轮,朝阳区
北京万里红科技股份有限公司,万里红,150-500人,不需要融资,海淀区
北京汉迪移动互联网科技股份有限公司,iHandy,150-500人,不需要融资,海淀区
特斯联（北京）科技有限公司,特斯联,150-500人,B轮,朝阳区
北京车和家信息技术有限责任公司,车和家,500-2000人,B轮,朝阳区
北京中电普华信息技术有限公司,中电普华,500-2000人,不需要融资,海淀区
北京文通科技有限公司,文通科技,150-500人,未融资,海淀区
财富引擎（北京）科技有限公司,财富引擎,50-150人,A轮,海淀区
北京百家互联科技有限公司,跟谁学,500-2000人,A轮,海淀区
智邮开源通信研究院（北京）有限公司,智邮开源,15-50人,未融资,海淀区
北京嘉恒中自图像技术有限公司,嘉恒图像,50-150人,不需要融资,海淀区
北京卓成世纪科技发展有限公司,卓成世纪,50-150人,不需要融资,海淀区
天津光速信息科技有限公司,元纯语义,150-500人,不需要融资,朝阳区
北京成峰光电科技有限公司,成峰光电,50-150人,A轮,昌平区
北京趣拿软件科技有限公司,去哪儿网,2000人以上,不需要融资,海淀区
京东益世商服科技有限公司,京东益世商务秘书,2000人以上,上市公司,大兴区
北京九章云极科技有限公司,九章云极科技,150-500人,B轮,海淀区
北京猎户星空科技有限公司,猎户星空,500-2000人,A轮,朝阳区
北京汇行科技有限公司,妙计旅行,150-500人,B轮,东城区
北京玩在一起科技有限公司,玩加电竞,15-50人,A轮,朝阳区
北京新石器科技有限公司,商用清洁洗地机自动驾驶解决方案,少于15人,未融资,海淀区
远形时空科技（北京）有限公司,远形时空,少于15人,天使轮,海淀区
北京陌陌科技有限公司,陌陌,500-2000人,上市公司,朝阳区
中科博宏（北京）科技有限公司,中科博宏,50-150人,未融资,朝阳区
北京东方国信科技股份有限公司,东方国信,2000人以上,上市公司,朝阳区
鲸力智享（北京）科技有限公司,鲸力智享,50-150人,天使轮,朝阳区
玖富金科控股集团有限责任公司,玖富集团,2000人以上,C轮,朝阳区
北京彩彻区明科技有限公司,彩彻区明科技,15-50人,A轮,海淀区
美客（北京）科技有限公司,美客科技,15-50人,未融资,朝阳区
北京荣之联科技股份有限公司,荣之联,500-2000人,上市公司,朝阳区
北京盒子鱼教育科技有限公司,盒子鱼英语,150-500人,C轮,海淀区
北京无远弗届科技有限公司,VRTRIX,少于15人,不需要融资,石景山区
上海任意门科技有限公司,Soul App,50-150人,B轮,东城区
中科视拓（北京）科技有限公司,中科视拓,50-150人,A轮,海淀区
北京蓝石环球区块链科技有限公司,蓝石科技,50-150人,未融资,海淀区
北京兆瑞财智科技有限公司,兆瑞财智,15-50人,天使轮,西城区
北京国承万通信息科技有限公司,国承万通,50-150人,B轮,朝阳区
北京瓴岳信息技术有限公司,洋钱罐,150-500人,不需要融资,朝阳区
精硕科技（北京）股份有限公司,AdMaster,500-2000人,不需要融资,海淀区
北京真格天成投资管理有限公司,真格基金,50-150人,不需要融资,丰台区
北京小度信息科技有限公司,百度外卖,2000人以上,不需要融资,海淀区
北京航天数据股份有限公司,航天数据,150-500人,不需要融资,海淀区
凡普金科集团有限公司,凡普金科,2000人以上,不需要融资,东城区
清研讯科（北京）科技有限公司,清研讯科,50-150人,不需要融资,海淀区
中移在线服务有限公司,中移在线服务有限公司,2000人以上,不需要融资,西城区
合肥芯福传感器技术有限公司北京分公司,芯福,50-150人,不需要融资,海淀区
混沌时代（北京）教育科技有限公司,混沌大学,150-500人,不需要融资,海淀区
珠海随变科技有限公司,必要商城,50-150人,不需要融资,朝阳区
北京捷越联合信息咨询有限公司,北京捷越联合,2000人以上,不需要融资,东城区
中诚信征信有限公司,中诚信征信,150-500人,不需要融资,东城区
北京奇安信科技有限公司,360企业安全,2000人以上,不需要融资,朝阳区
北京复华卓越商业管理有限公司,复华控股,2000人以上,不需要融资,朝阳区
北京嘀嘀无限科技发展有限公司,滴滴出行,2000人以上,不需要融资,海淀区
震坤行工业超市（上海）有限公司,震坤行,500-2000人,不需要融资,朝阳区
北京思源置地投资有限公司,思源科技,2000人以上,不需要融资,朝阳区
北京经舆典网络科技有限公司,经舆典,50-150人,不需要融资,东城区
北京科创恒利科技有限公司,科创恒利,150-500人,不需要融资,朝阳区
北京比特大陆科技有限公司,比特大陆,150-500人,不需要融资,海淀区
北京撞见国际旅行社有限公司,撞见旅行,50-150人,不需要融资,朝阳区
北京大视景科技有限公司,大视景,15-50人,不需要融资,海淀区
北京联世传奇网络技术有限公司,联世传奇,15-50人,不需要融资,朝阳区
北京大云新动力科技有限公司,大云,15-50人,不需要融资,海淀区
北京捷通华声科技股份有限公司,捷通华声,150-500人,不需要融资,海淀区
因诺（上海）资产管理有限公司,因诺,15-50人,不需要融资,西城区
北京寻宝天行网络技术有限公司,寻宝天行,50-150人,不需要融资,朝阳区
爱国者电子科技有限公司,爱国者电子,150-500人,不需要融资,海淀区
北京清华同衡规划设计研究院有限公司,清华同衡,500-2000人,不需要融资,海淀区
尊嘉金融控股有限公司,尊嘉金控,50-150人,不需要融资,朝阳区
河北乐聘网络科技有限公司,乐聘网络科技,150-500人,不需要融资,朝阳区
顺丰科技有限公司,顺丰科技有限公司,500-2000人,不需要融资,海淀区
迈飓骇（上海）科技有限公司,迈飓骇,50-150人,不需要融资,海淀区
北京创源微致软件有限公司,创源微致,150-500人,不需要融资,海淀区
北京虎鲸跳跃科技有限公司,虎鲸科技,15-50人,不需要融资,海淀区
北京大海云川科技有限公司,HYDATA,150-500人,不需要融资,海淀区
广东欧珀移动通信有限公司,OPPO,2000人以上,不需要融资,海淀区
北京太合音乐文化发展有限公司,太合音乐（百度音乐）,500-2000人,不需要融资,朝阳区
北京顺丰同城科技有限公司,顺丰同城科技,500-2000人,不需要融资,海淀区
中化石油有限公司,中化能源科技有限公司,2000人以上,不需要融资,海淀区
广州酷狗计算机科技有限公司,酷狗音乐,500-2000人,不需要融资,朝阳区
北京博创时代科技有限公司,博创时代,少于15人,不需要融资,朝阳区
北京世纪超星信息技术发展有限责任公司,世纪超星,2000人以上,不需要融资,海淀区
佳讯飞鸿（北京）智能科技研究院有限公司,佳讯飞鸿智能科技研究院,50-150人,不需要融资,海淀区
芯视界（北京）科技有限公司,芯视界（北京）科技有限公司,50-150人,不需要融资,海淀区
天地融软件（北京）有限公司,天地融,500-2000人,不需要融资,海淀区
北京恒昌利通投资管理有限公司,恒昌利通,2000人以上,不需要融资,朝阳区
平安科技（深圳）有限公司,平安科技,2000人以上,不需要融资,朝阳区
都科摩（北京）通信技术研究中心有限公司,都科摩,50-150人,不需要融资,海淀区
北京小鸟看看科技有限公司,Pico VR （小鸟看看）,150-500人,不需要融资,海淀区
便利蜂商贸有限公司,便利蜂,2000人以上,不需要融资,朝阳区
北京鼎泰泽丰投资管理有限公司,鼎泰泽丰,50-150人,不需要融资,丰台区
北京灵犀联云科技有限公司,灵犀联云,50-150人,B轮,朝阳区
杉数科技（北京）有限公司,杉数科技,50-150人,A轮,东城区
杭州云脑科技有限公司,云脑科技,15-50人,A轮,朝阳区
北京点石经纬科技有限公司,新东方教育行业研究院,150-500人,B轮,海淀区
北京康夫子科技有限公司,康夫子,15-50人,A轮,西城区
北京车薄荷科技有限公司,薄荷保,15-50人,天使轮,海淀区
武汉然诺管理咨询有限公司,RulerTech然诺,15-50人,天使轮,朝阳区
灵动科技（北京）有限公司,灵动科技,50-150人,A轮,海淀区
北京数字联盟网络科技有限公司,数盟网络,50-150人,B轮,海淀区
小小黛朵（北京）科技有限公司,花生米富,150-500人,B轮,海淀区
北京陌上花科技有限公司,Yi+,50-150人,B轮,海淀区
慧安金科（北京）科技有限公司,慧安金科,50-150人,A轮,海淀区
北京车势科技有限公司,车势科技,150-500人,A轮,朝阳区
北京凌宇智控科技有限公司,凌宇智控科技,50-150人,A轮,朝阳区
北京小川在线网络技术有限公司,最右,150-500人,B轮,海淀区
北京桔子分期电子商务有限公司,桔子分期,150-500人,A轮,朝阳区
融慧金科金融服务外包（北京）有限公司,融慧金科,50-150人,A轮,朝阳区
北京纳米维景科技有限公司,纳米维景,50-150人,A轮,海淀区
Swissmic SA,Swie,15-50人,A轮,海淀区
北京清帆科技有限公司,清帆科技,15-50人,A轮,海淀区
中科点击（北京）科技有限公司,中科点击,150-500人,A轮,海淀区
北京看了吗视频信息技术有限公司,看了吗视频,50-150人,A轮,朝阳区
北京心中有数科技有限公司,KuWeather,15-50人,A轮,海淀区
艾普拉斯投资顾问（北京）有限公司,以太创服,150-500人,B轮,朝阳区
武汉元光科技有限公司,车来了,150-500人,B轮,朝阳区
北京奇点机智信息技术有限公司,奇点机智,15-50人,A轮,海淀区
北京福易得信息技术有限公司,福易得,150-500人,未融资,海淀区
印象认知（北京）科技有限公司,印象认知,15-50人,A轮,昌平区
深圳市易成自动驾驶技术有限公司北京分公司,易成北京,15-50人,未融资,朝阳区
智线云科技（北京）有限公司,ZingFront智线,50-150人,A轮,朝阳区
北京侃家科技有限公司,侃家,500-2000人,B轮,东城区
北京吉荣数科技有限公司,吉荣数,50-150人,A轮,东城区
北京原子机器人科技有限公司,原子机器人,15-50人,天使轮,海淀区
北京深醒科技有限公司,深醒科技,150-500人,B轮,海淀区
北京鲸航科技有限公司,鲸航科技,50-150人,天使轮,海淀区
北京联合天成价值网络科技有限公司,联合天成,15-50人,A轮,海淀区
北京跃盟科技有限公司,DeepLeaper,50-150人,A轮,朝阳区
上海阅客信息科技有限公司,阅客公司—唔哩,50-150人,天使轮,朝阳区
速感科技（北京）有限公司,速感科技,50-150人,B轮,海淀区
北京灵智优诺科技有限公司,灵智优诺,50-150人,A轮,海淀区
北京永安信通科技有限公司,北京永安,50-150人,未融资,海淀区
北京地平线信息技术有限公司,地平线机器人,500-2000人,B轮,海淀区
深源恒际科技有限公司,深源恒际,15-50人,未融资,海淀区
北京凤凰理理它信息技术有限公司,凤凰金融,500-2000人,A轮,朝阳区
贵州宽凳智云科技有限公司北京分公司,宽凳科技,50-150人,A轮,朝阳区
北京数介科技有限公司,北京数介科技有限公司,50-150人,A轮,西城区
亿睿科信息技术（北京）有限公司,亿睿科,50-150人,A轮,朝阳区
北京各色科技有限公司,各色科技,15-50人,A轮,朝阳区
山东正心医疗科技有限公司,正心科技,50-150人,A轮,西城区
北京主线科技有限公司,主线科技,15-50人,天使轮,海淀区
北京集奥聚合科技有限公司,集奥聚合（GEO）,150-500人,B轮,朝阳区
武汉文网亿联科技有限公司,文网亿联,150-500人,A轮,朝阳区
江苏曲速教育科技有限公司,极课大数据,150-500人,B轮,朝阳区
众趣（北京）科技有限公司,众趣,15-50人,A轮,朝阳区
北京中网易企秀科技有限公司,易企秀,150-500人,B轮,海淀区
北京金堤科技有限公司,天眼查,50-150人,A轮,海淀区
北京异构智能科技有限公司,NovuMind Inc.,15-50人,B轮,海淀区
北京长亭科技有限公司,长亭科技,50-150人,B轮,海淀区
北京斗米优聘科技发展有限公司,斗米,500-2000人,B轮,海淀区
北京水滴互联科技有限公司,水滴互助,150-500人,A轮,朝阳区
北京恩思特管理咨询有限公司,北京恩思特,50-150人,未融资,朝阳区
北京数美时代科技有限公司,数美,150-500人,B轮,朝阳区
北京极智嘉科技有限公司,极智嘉,150-500人,B轮,朝阳区
北京山和朋友们科技有限公司,立刻出行,500-2000人,B轮,海淀区
北京柠檬微趣科技股份有限公司,柠檬微趣,50-150人,A轮,西城区
北京轻威科技有限责任公司,ZVR,15-50人,A轮,朝阳区
睦星科技（北京）有限公司,睦星科技,15-50人,天使轮,海淀区
艺恩世纪国际信息咨询（北京）有限公司,艺恩,50-150人,未融资,朝阳区
北京八月小岛科技有限公司,BCTOPIA,150-500人,天使轮,昌平区
北京推想科技有限公司,推想科技,150-500人,B轮,朝阳区
程创（北京）科技有限公司,程创科技,少于15人,天使轮,海淀区
北京迪路科技有限公司,迪路科技,少于15人,天使轮,海淀区
北京朗镜科技有限责任公司,朗镜科技,50-150人,B轮,朝阳区
支付宝(杭州)信息技术有限公司,蚂蚁金服集团,2000人以上,B轮,朝阳区
北京开拓天际科技有限公司,开拓天际,50-150人,A轮,海淀区
北京零秒科技有限公司,零秒科技,15-50人,A轮,海淀区
上海摩象网络科技有限公司,上海摩象网络科技有限公司,50-150人,A轮,海淀区
北京睿企信息科技有限公司,北京睿企信息科技有限公司,15-50人,天使轮,朝阳区
北京领骏科技有限公司,领骏科技,15-50人,天使轮,海淀区
北京微方程科技有限公司,LinkedME,50-150人,A轮,海淀区
北京转转精神科技有限责任公司,转转,500-2000人,A轮,海淀区
深动科技（北京）有限公司,DeepMotion深动科技,15-50人,A轮,海淀区
北京银河润泰科技有限公司,北京银河润泰,50-150人,A轮,朝阳区
北京一斗嘉禾科技有限公司,一斗科技,少于15人,天使轮,昌平区
达闼科技（北京）有限公司,达闼科技,150-500人,B轮,朝阳区
逸途（北京）科技有限公司,逸途科技,50-150人,A轮,朝阳区
北京一览科技有限公司,一览科技,150-500人,B轮,朝阳区
北京因果树网络科技有限公司,InnoTREE,50-150人,B轮,海淀区
北京友道互联电子商务有限公司,用户与互联网应用全新方式的对接,15-50人,B轮,朝阳区
北京翼辉信息技术有限公司,翼辉信息,50-150人,A轮,海淀区
广州小鹏汽车科技有限公司,小鹏汽车,150-500人,A轮,海淀区
北京初速度科技有限公司,Momenta,150-500人,B轮,海淀区
北京惠福康信息咨询有限公司,安心医生,50-150人,B轮,朝阳区
深圳佑驾创新科技有限公司,MINIEYE,50-150人,A轮,海淀区
北京周同科技有限公司,周同科技,50-150人,A轮,朝阳区
北京享阅教育科技有限公司,考拉阅读,150-500人,B轮,海淀区
芋头科技（杭州）有限公司,Rokid,150-500人,B轮,海淀区
北京言之有物科技有限公司,言之有物科技,50-150人,A轮,朝阳区
瑞幸咖啡（天津）有限公司,瑞幸咖啡,2000人以上,未融资,海淀区
彼乐智慧科技（北京）有限公司,彼乐智慧,15-50人,天使轮,海淀区
北京快鱼电子股份公司,快鱼电子,150-500人,未融资,海淀区
北京零零无限科技有限公司,零零无限,50-150人,A轮,朝阳区
北京慧闻科技发展有限公司,慧闻科技,50-150人,未融资,西城区
平安医疗科技有限公司,平安医疗科技研究院,2000人以上,未融资,朝阳区
北京多面体科技有限公司,多面体科技,少于15人,天使轮,海淀区
北京蓦然认知科技有限公司,蓦然认知科技,50-150人,A轮,海淀区
北京云动数字媒体技术有限公司,会小二网,150-500人,B轮,朝阳区
北京天工矩阵信息技术有限公司,天工矩阵,50-150人,A轮,大兴区
北京航天泰睿科技有限公司,航天泰睿,50-150人,未融资,海淀区
创新工场（北京）企业管理股份有限公司,创新工场AI工程院,50-150人,未融资,海淀区
北京时代拓灵科技有限公司,时代拓灵,15-50人,天使轮,东城区
小糖互联（北京）网络科技有限公司,糖豆,50-150人,B轮,海淀区
北京新美互通科技有限公司,Kika Tech(新美互通),150-500人,B轮,东城区
搜游网络科技（北京）有限公司,搜游网络,50-150人,B轮,海淀区
北京蓝莓时节科技有限公司,蓝莓时节,15-50人,A轮,朝阳区
奥本未来（北京）科技有限责任公司,奥本未来,15-50人,天使轮,海淀区
北京迷幻网络科技有限公司,迷幻科技,15-50人,A轮,朝阳区
北京布本智能科技有限公司,布本智能,15-50人,A轮,朝阳区
北京矩视智能科技有限公司,矩视智能,15-50人,天使轮,海淀区
北京雷石世纪科技有限公司,北京雷石公司,150-500人,A轮,朝阳区
北京羿娲科技有限公司,羿娲科技,15-50人,天使轮,海淀区
北京推题科技有限公司,推题科技,15-50人,天使轮,海淀区
北京芯盾时代科技有限公司,Trusfort芯盾时代,50-150人,B轮,海淀区
北京意锐新创科技有限公司,意锐,150-500人,B轮,海淀区
中科物栖（北京）科技有限责任公司,中科物栖,50-150人,A轮,海淀区
北京博智天下信息技术有限公司,朗播网,150-500人,B轮,海淀区
北京展心展力信息科技有限公司,展心展力,15-50人,A轮,朝阳区
元贞佑方(北京)科技发展有限公司,元贞,15-50人,未融资,朝阳区
苏州天瞳威视电子科技有限公司,CalmCar Vision,50-150人,A轮,海淀区
北京第三石科技发展有限公司,第三石科技,50-150人,B轮,朝阳区
触景无限科技（北京）有限公司,触景无限,50-150人,B轮,海淀区
慧影医疗科技（北京）有限公司,慧影医疗,50-150人,B轮,海淀区
北京炼道科技有限公司,炼道科技,15-50人,天使轮,朝阳区
北京万协通信息技术有限公司,万协通,50-150人,未融资,海淀区
开易（北京）科技有限公司,开易科技,15-50人,A轮,朝阳区
紫梧桐（北京）资产管理有限公司,蛋壳公寓,2000人以上,B轮,东城区
北京光年无限科技有限公司,图灵机器人,150-500人,B轮,海淀区
北京泰和盛创科技有限公司,泰和盛创,15-50人,天使轮,朝阳区
深圳宜思智能科技有限公司,A.E.S,50-150人,天使轮,朝阳区
北京深感科技有限公司,深感科技,15-50人,天使轮,海淀区
北京中科寒武纪科技有限公司,寒武纪科技,50-150人,A轮,海淀区
北京十一贝科技有限公司,去哪儿网-保险金融,150-500人,A轮,海淀区
北京和华瑞博科技有限公司,和华瑞博,15-50人,天使轮,东城区
人加智能机器人技术（北京）有限公司,人加HUMANPLUS,15-50人,A轮,海淀区
北京聚力维度科技有限公司,聚力维度,50-150人,天使轮,海淀区
北京市商汤科技开发有限公司,商汤科技,500-2000人,B轮,海淀区
梅卡曼德（北京）机器人科技有限公司,梅卡曼德,50-150人,A轮,海淀区
极限元（北京）智能科技股份有限公司,极限元,15-50人,天使轮,海淀区
深圳声联网科技有限公司,avsnest,15-50人,天使轮,海淀区
北京阿丘科技有限公司,阿丘科技,50-150人,A轮,海淀区
北京深睿博联科技有限责任公司,深睿医疗,50-150人,B轮,海淀区
皓瞳科技（深圳）有限公司,皓瞳科技-HortaTech,少于15人,天使轮,朝阳区
博云视觉（北京）科技有限公司,博云视觉,50-150人,A轮,海淀区
思派（北京）网络科技有限公司,思派,150-500人,B轮,海淀区
赛诺微医疗科技（浙江）有限公司北京分公司,赛诺微医疗,50-150人,B轮,朝阳区
北京币世界网络科技有限公司,币世界,50-150人,天使轮,朝阳区
北京生利合家房地产经纪有限公司,生利合家,50-150人,A轮,海淀区
北京乐步教育科技有限公司,乐步教育,50-150人,A轮,海淀区
北京缤歌网络科技有限公司,缤果盒子,500-2000人,B轮,朝阳区
北京趣寻科技有限责任公司,趣寻科技（Quxun Inc.）,50-150人,B轮,海淀区
北京融邦汇聚科技有限公司,融汇,15-50人,A轮,朝阳区
爱笔（北京）智能科技有限公司,Aibee,50-150人,天使轮,海淀区
华瑞新智科技（北京）有限公司,华瑞新智科技,50-150人,A轮,海淀区
北京健康有益科技有限公司,健康有益,50-150人,A轮,朝阳区
优友视界（北京）科技有限公司,黑咔相机,50-150人,A轮,东城区
北京数盾信息科技有限公司,数盾科技,50-150人,天使轮,丰台区
天合泽泰（厦门）征信服务有限公司,泽泰征信,15-50人,A轮,朝阳区
北京名策数据处理有限公司,名策数据,15-50人,B轮,朝阳区
华科精准（北京）医疗科技有限公司,华科精准,50-150人,A轮,东城区
北京探境科技有限公司,探境科技,15-50人,A轮,海淀区
真健康（北京）医疗科技有限公司,真健康,15-50人,未融资,海淀区
杭州艾耕科技有限公司,Eigen,50-150人,A轮,朝阳区
禾多科技（北京）有限公司,HoloMatic,50-150人,天使轮,朝阳区
北京安德医智科技有限公司,安德医智,150-500人,B轮,丰台区
轻客智能科技（江苏）有限公司,MYNTAI小觅智能,50-150人,A轮,朝阳区
上海秘塔网络科技有限公司,秘塔科技,15-50人,天使轮,朝阳区
北京番茄时代科技有限公司,番茄科技,15-50人,天使轮,朝阳区
北京雪扬科技有限公司,雪扬科技,15-50人,未融资,朝阳区
北京卓视智通科技有限责任公司,卓视智通,15-50人,未融资,昌平区
北京享捷科技有限公司,享捷,少于15人,天使轮,海淀区
杭州保新科技有限公司,ULSee,50-150人,A轮,朝阳区
三角兽（北京）科技有限公司,三角兽科技,50-150人,A轮,朝阳区
北京好啦科技有限公司,好啦科技,15-50人,A轮,海淀区
深度好奇（北京）科技有限公司,深度好奇,15-50人,天使轮,海淀区
北京贪心科技有限公司,贪心科技,15-50人,未融资,朝阳区
北京峰科计算技术有限责任公司,峰科计算,15-50人,B轮,海淀区
北京医准智能科技有限公司,医准智能,少于15人,天使轮,海淀区
北京课程帮科技有限公司,课程帮,50-150人,天使轮,朝阳区
北京快乐茄信息技术有限公司,茄子快传,150-500人,B轮,海淀区
北京华来智慧科技有限公司,华来智慧,15-50人,天使轮,海淀区
北京亮亮视野科技有限公司,亮亮视野,50-150人,B轮,朝阳区
印迹信息科技（北京）有限公司,印迹,少于15人,天使轮,海淀区
北京安易信科技有限公司,安易信,50-150人,上市公司,海淀区
和信电子商务有限公司,和信贷,150-500人,上市公司,朝阳区
奇虎360科技有限公司,360,2000人以上,上市公司,朝阳区
北京中科紫鑫科技有限责任公司,中科紫鑫,50-150人,上市公司,大兴区
北京京东世纪贸易有限公司,京东集团,2000人以上,上市公司,通州区
途家网网络技术（北京）有限公司,途家网,500-2000人,D轮及以上,朝阳区
北京哥大诺博教育科技股份有限公司,哥大诺博,500-2000人,上市公司,海淀区
北京思德泰科科技发展有限公司,亚博科技（08279.HK）旗下核心企业。中国体彩市场最大的服务、终端机及系统供应商。,150-500人,上市公司,朝阳区
南京苏宁软件技术有限公司,苏宁易购,2000人以上,上市公司,朝阳区
北京三快在线科技有限公司,美团点评,2000人以上,D轮及以上,朝阳区
北京易车互联信息技术有限公司,易车公司,2000人以上,上市公司,海淀区
央视市场研究股份有限公司,CTR,500-2000人,D轮及以上,西城区
厦门美图之家科技有限公司,美图公司,2000人以上,上市公司,海淀区
北京奇艺世纪科技有限公司,爱奇艺,2000人以上,上市公司,海淀区
宝宝树（北京）信息技术有限公司,宝宝树,500-2000人,D轮及以上,朝阳区
北京创锐文化传媒有限公司,聚美优品,2000人以上,上市公司,海淀区
北京达佳互联信息技术有限公司,快手,500-2000人,D轮及以上,海淀区
凤凰飞扬（北京）新媒体信息技术有限公司,凤凰网,2000人以上,上市公司,朝阳区
大鱼快乐有限公司,阿里文娱,2000人以上,上市公司,朝阳区
北京当当网信息技术有限公司,当当网,2000人以上,上市公司,朝阳区
苏州美房云客软件科技股份有限公司,美房云客,150-500人,上市公司,朝阳区
北京小米科技有限责任公司,小米,2000人以上,D轮及以上,海淀区
腾讯科技(深圳)有限公司,腾讯,2000人以上,上市公司,海淀区
上海亿贝网络信息服务有限公司,eBay,500-2000人,上市公司,朝阳区
北京四达时代软件技术股份有限公司,四达时代集团,2000人以上,上市公司,大兴区
科进生物识别（深圳）有限公司北京分公司,科进,50-150人,上市公司,海淀区
拼途（北京）信息技术有限公司,嘀嗒出行,150-500人,D轮及以上,朝阳区
浙江天猫技术有限公司,天猫,2000人以上,上市公司,朝阳区
广联达科技股份有限公司,广联达科技,500-2000人,上市公司,海淀区
广州市百果园网络科技有限公司,Bigo,500-2000人,D轮及以上,海淀区
北京搜狗科技发展有限公司,搜狗,2000人以上,上市公司,海淀区
上海七牛信息技术有限公司,七牛云,150-500人,D轮及以上,朝阳区
阿里巴巴（中国）有限公司,阿里妈妈,500-2000人,上市公司,朝阳区
携程计算机技术（上海）有限公司,携程,2000人以上,上市公司,海淀区
北京三快在线科技有限公司,美团,2000人以上,D轮及以上,朝阳区
阿里健康科技（中国）有限公司,阿里健康,150-500人,上市公司,朝阳区
北京云鸟科技有限公司,云鸟科技,500-2000人,D轮及以上,朝阳区
完美世界（北京）软件科技发展有限公司,完美世界,2000人以上,上市公司,朝阳区
翰林经纬科技（北京）有限公司,翰林经纬,150-500人,D轮及以上,朝阳区
博易智软（北京）技术股份有限公司,博易智软,150-500人,上市公司,西城区
上海迈外迪网络科技有限公司,迈外迪,150-500人,D轮及以上,朝阳区
快看世界（北京）科技有限公司,快看漫画,150-500人,D轮及以上,朝阳区
炫一下（北京）科技有限公司,一下科技,500-2000人,D轮及以上,朝阳区
网易（杭州）有限公司,网易,2000人以上,上市公司,海淀区
联想新视界（北京）科技有限公司,联想新视界,2000人以上,上市公司,海淀区
北京搜狐新媒体信息技术有限公司,搜狐集团,2000人以上,上市公司,海淀区
优舫（北京）信息科技有限公司,优信集团,2000人以上,D轮及以上,朝阳区
佳能医疗系统（中国）有限公司,佳能医疗,500-2000人,上市公司,朝阳区
哈尔滨新中新电子股份有限公司,新中新集团,500-2000人,上市公司,丰台区
厦门美柚信息科技有限公司,美柚,500-2000人,D轮及以上,朝阳区
北京风行在线技术有限公司,风行网,500-2000人,D轮及以上,海淀区
北大方正信息产业集团有限公司,北大方正信产集团,2000人以上,上市公司,海淀区
北京智者天下科技有限公司,知乎,500-2000人,D轮及以上,海淀区
北京蚂蜂窝网络科技有限公司,马蜂窝,500-2000人,D轮及以上,朝阳区
浙江汉朔电子科技有限公司,汉朔科技,500-2000人,D轮及以上,朝阳区
上海阅文信息技术有限公司,阅文集团,500-2000人,上市公司,朝阳区
达疆网络科技（上海）有限公司,达达-京东到家,2000人以上,D轮及以上,朝阳区
北京卡路里科技有限公司,Keep,500-2000人,D轮及以上,东城区
北京金山网络科技有限公司,猎豹移动,500-2000人,上市公司,朝阳区
高德软件有限公司,阿里巴巴—高德,2000人以上,上市公司,朝阳区
趣分期（北京）信息技术有限公司,趣店,500-2000人,上市公司,朝阳区
北京看看车科技有限公司,易鑫集团,2000人以上,上市公司,海淀区
北京三星通信技术研究有限公司,北京三星通信研究院,500-2000人,D轮及以上,朝阳区
厦门一品威客网络科技有限公司,一品威客网,150-500人,D轮及以上,海淀区
北京车之家信息技术有限公司,汽车之家,2000人以上,上市公司,海淀区
新华网股份有限公司,新华网,500-2000人,上市公司,西城区
北京畅游天下网络技术有限公司,畅游,2000人以上,上市公司,石景山区
北京羽扇智信息科技有限公司,出门问问,150-500人,D轮及以上,海淀区
行吟信息科技（上海）有限公司,小红书,500-2000人,D轮及以上,朝阳区
上海海知智能科技有限公司,海知智能,50-150人,A轮,海淀区
上海淇毓信息科技有限公司,奇虎360金融,500-2000人,未融资,朝阳区
北京智合大方科技有限公司,客知音,15-50人,天使轮,东城区
北京知藏云道科技有限公司,知藏,50-150人,A轮,朝阳区
北京卓衍信息技术有限公司,卓衍金科,50-150人,未融资,朝阳区
北京亿网寰宇科技有限公司,亿网寰宇,150-500人,天使轮,朝阳区
北京小马智行科技有限公司,PonyAI 小马智行,50-150人,A轮,海淀区
经纬创投（北京）投资管理顾问有限公司,经纬创投,50-150人,未融资,朝阳区
广东远峰汽车电子有限公司,远峰科技,500-2000人,未融资,海淀区
北京博美科技有限公司,博美科技,150-500人,未融资,海淀区
人人贷商务顾问（北京）有限公司,人人贷,500-2000人,A轮,海淀区
清枫（北京）科技有限公司,Max+&小黑盒,50-150人,A轮,朝阳区
西安智加科技有限公司,智加科技,15-50人,天使轮,海淀区
北京声智科技有限公司,声智科技,50-150人,A轮,海淀区
北京值得买科技股份有限公司,什么值得买,150-500人,A轮,丰台区
北京质享科技有限公司,质享科技,15-50人,未融资,海淀区
北京未动科技有限公司,未动科技,15-50人,A轮,朝阳区
上海十露盘科技有限公司,十露盘,15-50人,天使轮,朝阳区
北京阿博茨科技有限公司,阿博茨科技,50-150人,A轮,海淀区
艾沃诺特（北京）科技有限公司,印象笔记,50-150人,A轮,朝阳区
南京蓝鲸人网络科技有限公司,美篇,50-150人,A轮,海淀区
北京领主科技有限公司,领主,15-50人,A轮,海淀区
北京棕榈创想科技有限公司,PALMAX,50-150人,A轮,海淀区
北京一维弦科技有限责任公司,一维弦,15-50人,A轮,海淀区
北京希瑞亚斯科技有限公司,Moka,50-150人,A轮,海淀区
北京三体云联科技有限公司,三体云联,50-150人,A轮,昌平区
北京水滴成海科技有限公司,北京水滴成海科技有限公司,少于15人,天使轮,朝阳区
青岛泰鼎管理咨询有限公司,泰鼎咨询,15-50人,未融资,东城区
武汉悦耳动听文化传媒有限公司,程一电台,少于15人,天使轮,朝阳区
阿呆科技（北京）有限公司,阿呆科技,15-50人,天使轮,朝阳区
北京右划网络科技有限公司,右划,50-150人,A轮,朝阳区
分享人本信息技术有限公司,分享动力,15-50人,未融资,朝阳区
北京中云智车科技有限公司,中云智车/ZIVT,15-50人,天使轮,海淀区
北京万合御风投资管理有限公司,北京万合御风投资管理有限公司,150-500人,未融资,朝阳区
北京泽天创新商贸有限公司,泽天创新,50-150人,A轮,海淀区
北京汇吧科技有限公司,汇吧,50-150人,A轮,朝阳区
北京东方畅享科技有限公司,mioto喵图,15-50人,A轮,海淀区
北京仁信智清科技有限公司,智清金科,50-150人,A轮,海淀区
北京思图场景数据科技服务有限公司,思图场景,15-50人,天使轮,海淀区
北京在野科技有限公司,在野,少于15人,天使轮,朝阳区
甘肃西北印象商贸有限公司,西北印象,15-50人,未融资,东城区
杭州菱歌数字科技有限公司,菱歌科技,15-50人,A轮,朝阳区
深度交叉（北京）科技有限公司,交叉科技,15-50人,天使轮,海淀区
北京盛泰华夏科技有限公司,美宅,50-150人,A轮,海淀区
北京自回归信息科技有限公司,见微数据,15-50人,天使轮,朝阳区
北京轻松筹网络科技有限公司,轻松筹,500-2000人,C轮,东城区
北京旷视科技有限公司,Face++,500-2000人,C轮,海淀区
人人行科技有限公司,人人行(借贷宝),2000人以上,C轮,朝阳区
北京明略软件系统有限公司,明略数据,150-500人,C轮,朝阳区
巧达科技（北京）有限公司,巧达数据,50-150人,C轮,海淀区
悠易互通（北京）广告有限公司,悠易,150-500人,C轮,朝阳区
北京字节跳动科技有限公司,字节跳动,2000人以上,C轮,海淀区
北京九州云动科技有限公司,省钱快报,50-150人,C轮,东城区
北京麒麟合盛科技有限公司,APUS Group,150-500人,C轮,朝阳区
诺远资产管理有限公司,诺远资产,2000人以上,C轮,朝阳区
银客未来科技（北京）有限公司,INK 银客集团,500-2000人,C轮,海淀区
北京修齐治平科技有限公司,爱云校,500-2000人,C轮,朝阳区
北京云知声信息技术有限公司,云知声,150-500人,C轮,朝阳区
北京智融时代信息技术有限公司,智融集团,150-500人,C轮,海淀区
团博百众（北京）科技有限公司,折800,500-2000人,C轮,朝阳区
北京每日优鲜电子商务有限公司,每日优鲜,500-2000人,C轮,朝阳区
车好多旧机动车经纪(北京)有限公司,瓜子二手车直卖网,2000人以上,C轮,海淀区
云智联网络科技（北京）有限公司,亚创,150-500人,C轮,朝阳区
链家网（北京）科技有限公司,贝壳,2000人以上,C轮,海淀区
普强信息技术（北京）有限公司,普强信息,150-500人,C轮,海淀区
北京春雨天下软件有限公司,春雨医生,150-500人,C轮,海淀区
北京格灵深瞳信息技术有限公司,格灵深瞳,50-150人,C轮,海淀区
北京数衍科技有限公司,数衍科技,150-500人,C轮,朝阳区
北京快松果科技有限公司,松果电单车,150-500人,C轮,朝阳区
小船出海教育科技（北京）有限公司,作业帮,2000人以上,C轮,海淀区
上海投中信息咨询股份有限公司北京办事处,投中信息,150-500人,C轮,东城区
北京雪球信息科技有限公司,雪球,150-500人,C轮,朝阳区
北京酷云互动科技有限公司,酷云互动,150-500人,C轮,东城区
众联智领科技（北京）有限公司,考拉FM,150-500人,C轮,海淀区
北京蜜莱坞网络科技有限公司,映客,500-2000人,C轮,朝阳区
北京比图科技有限公司,TubiTV,50-150人,C轮,朝阳区
北京衣二三网络科技有限公司,衣二三,150-500人,C轮,东城区
小红唇（北京）网络科技有限公司,小红唇,150-500人,C轮,朝阳区
智车优行科技（北京）有限公司,奇点汽车,150-500人,C轮,朝阳区
北京智齿博创科技有限公司,智齿科技,150-500人,C轮,海淀区
北京中科虹霸科技有限公司,中科虹霸,50-150人,C轮,海淀区
鼎力联合（北京）科技有限公司,赛格威机器人,50-150人,C轮,海淀区
北京作业盒子科技有限公司,作业盒子,500-2000人,C轮,朝阳区
北京闪送科技有限公司,闪送,150-500人,C轮,海淀区
零氪信息技术（北京）有限公司,LinkDoc,150-500人,C轮,海淀区
北京豆果信息技术有限公司,豆果美食,50-150人,C轮,东城区
北京善义善美科技有限公司,人人车,2000人以上,D轮及以上,朝阳区
同程网络科技股份有限公司,同程艺龙,2000人以上,D轮及以上,朝阳区
南京新与力文化传播有限公司,YOHO!,500-2000人,D轮及以上,朝阳区
北京闪银奇异科技有限公司,闪银奇异,500-2000人,D轮及以上,朝阳区
上海倾听信息技术有限公司,蜻蜓FM,150-500人,D轮及以上,朝阳区
上海一起作业信息科技有限公司,一起科技,500-2000人,D轮及以上,朝阳区
北京融联世纪信息技术有限公司,融360,500-2000人,D轮及以上,海淀区
上海蔚来汽车有限公司,NIO蔚来,2000人以上,D轮及以上,朝阳区
郑州市云海电子科技有限公司,云海电子,2000人以上,D轮及以上,海淀区
北京小唱科技有限公司,唱吧-时尚的手机KTV,150-500人,D轮及以上,朝阳区
北京金山云网络技术有限公司,金山云,500-2000人,D轮及以上,海淀区
北京田米科技有限公司,田米科技,2000人以上,D轮及以上,海淀区
北京蓝城兄弟信息技术有限公司,淡蓝网Blued,150-500人,D轮及以上,朝阳区
北京粉笔未来科技有限公司,猿辅导,500-2000人,D轮及以上,朝阳区
普信恒业科技发展（北京）有限公司,宜信,2000人以上,上市公司,朝阳区
掌阅科技股份有限公司,掌阅,500-2000人,上市公司,朝阳区
广州汇量信息科技有限公司,Mobvista,500-2000人,上市公司,朝阳区
北京尚德在线教育科技有限公司,尚德机构,2000人以上,上市公司,朝阳区
唯品会（中国）有限公司,唯品会,2000人以上,上市公司,朝阳区
北京瑞尔视科技有限公司,RealNetworks,50-150人,上市公司,朝阳区
北京金山软件有限公司,金山办公软件,2000人以上,上市公司,海淀区
阿里巴巴YunOS事业部,阿里巴巴IoT事业部,2000人以上,上市公司,朝阳区
暴风集团股份有限公司,暴风集团,2000人以上,上市公司,海淀区
北京新媒传信科技有限公司,新媒传信,2000人以上,上市公司,朝阳区
北京智分科技有限公司,NewsJet,50-150人,不需要融资,海淀区
上海基分文化传播有限公司,趣头条,500-2000人,不需要融资,海淀区
北京瑞地科技有限公司,REDEFINE,150-500人,不需要融资,朝阳区
北京鼎阅广告传媒有限责任公司,鼎阅传媒,150-500人,不需要融资,海淀区
新奥特(北京)视频技术有限公司,新奥特视频,500-2000人,不需要融资,海淀区
北京粉笔蓝天科技有限公司,粉笔网,150-500人,不需要融资,朝阳区
北京优利森咨询服务有限公司,unisonservice,50-150人,不需要融资,海淀区
信披网络股份有限公司,信披网,50-150人,不需要融资,朝阳区
通联数据股份公司,通联数据,150-500人,不需要融资,海淀区
北京翰嘉睿华科技有限公司,Ehanjia,150-500人,不需要融资,朝阳区
北京中科恒硕科技有限公司,中科恒硕,50-150人,不需要融资,顺义区
北京多来点信息技术有限公司,哗啦啦,500-2000人,不需要融资,西城区
深圳市中睿企业管理咨询有限公司,中睿,15-50人,不需要融资,海淀区
湖北和远气体股份有限公司,和远互联网,500-2000人,不需要融资,朝阳区
北京微光果壳科技有限公司,微壳,150-500人,不需要融资,海淀区
北京物灵智能科技有限公司,物灵,150-500人,不需要融资,朝阳区
中信云网有限公司,中信云网,500-2000人,不需要融资,朝阳区
紫光集团有限公司,紫光集团有限公司,2000人以上,不需要融资,海淀区
北京悦活教育科技有限责任公司,希悦,15-50人,不需要融资,海淀区
睿和东源天津分公司,睿和东源天津分公司,50-150人,不需要融资,昌平区
迈普汇智管理咨询（北京）有限公司,迈普汇智,少于15人,不需要融资,海淀区
杭州善金网络科技有限公司,上海善金网络科技股份有限公司,15-50人,不需要融资,海淀区
上海聚量信息技术有限公司,上海聚量,15-50人,不需要融资,朝阳区
北京鹏润金服在线信息技术有限公司,鹏润控股集团,500-2000人,不需要融资,大兴区
浙江去啊网络技术有限公司,飞猪,500-2000人,不需要融资,朝阳区
北京家盒子文化有限公司,家盒子,500-2000人,不需要融资,东城区
蔷薇控股股份有限公司,蔷薇控股,150-500人,不需要融资,朝阳区
北京弘道智慧中医技术有限公司,弘道,50-150人,不需要融资,海淀区
深圳市腾飞讯电子科技有限公司,腾飞讯,500-2000人,不需要融资,朝阳区
北京华樾教育科技有限公司,华樾教育,150-500人,不需要融资,海淀区
建德市易车文化创意有限公司,易车文化,15-50人,不需要融资,海淀区
北京网录科技有限公司,网录科技,50-150人,不需要融资,海淀区
大连桓瑞科技有限公司,桓瑞科技,150-500人,不需要融资,海淀区
北京晨利商贸有限公司,晨利商贸,150-500人,不需要融资,海淀区
杭州时度检测技术有限公司,时度检测,15-50人,不需要融资,朝阳区
郑州卓君网络科技有限公司,卓君科技,少于15人,不需要融资,海淀区
马上消费金融股份有限公司,马上金融,2000人以上,不需要融资,朝阳区
北京大圣互动科技有限公司,大圣互动,15-50人,B轮,朝阳区
北京小红花科技有限公司,PricingBLock,少于15人,天使轮,朝阳区
北京快跑信息科技有限公司,小猪短租,150-500人,D轮及以上,海淀区
英伟达半导体科技（上海）有限公司,NVIDIA(英伟达),2000人以上,上市公司,朝阳区
青松智慧（北京）科技有限公司,青松,15-50人,B轮,海淀区
北京武明群达商贸有限公司,北京武明群达商贸有限公司,150-500人,B轮,通州区
北京农信互联科技有限公司,农信互联,500-2000人,不需要融资,海淀区
呼和浩特市腾吉斯文化传媒有限公司,腾吉斯,15-50人,未融资,海淀区
追光人动画设计（北京）有限公司,追光动画,150-500人,B轮,朝阳区
华为技术有限公司2012实验室,华为,2000人以上,不需要融资,海淀区
北京爱特曼科技有限公司,爱特曼科技,15-50人,A轮,海淀区
北京世纪天橙科技有限公司,北京世纪天橙科技有限公司,150-500人,C轮,海淀区
北京首汽智行科技有限公司,Go Fun,500-2000人,B轮,朝阳区
北京来也网络科技有限公司,助理来也,50-150人,B轮,海淀区
蒙特卡洛科技（北京）有限公司,蒙特卡洛,15-50人,A轮,昌平区
北京优友动量网络技术有限公司,火萤,15-50人,不需要融资,石景山区
北京每日优鲜便利购电子商务有限公司,每日优鲜便利购,2000人以上,B轮,朝阳区
武汉轻奢时代电子商务有限公司,轻奢时代,50-150人,未融资,海淀区
北京晓链科技有限公司,MultiVAC,少于15人,天使轮,朝阳区
第四范式（北京）技术有限公司,第四范式,150-500人,B轮,海淀区
