公司全名,公司简称,公司规模,融资阶段,区域,职位名称,工作经验,学历要求,工资,职位福利,最低年限,经验,最低工资,月最低工资
上海海万信息科技股份有限公司,江苏亿科达,500-2000人,不需要融资,浦东新区,大数据工程师,3-5年,大专,10k-15k,大平台,"['3', '5']",3,"['10', '15']",10
源杉信息技术（上海）有限公司,源杉FIR.ai,15-50人,天使轮,杨浦区,大数据工程师,3-5年,本科,15k-30k,"深度学习,股权激励,大牛团队,发展前景大","['3', '5']",3,"['15', '30']",15
新蛋信息技术（中国）有限公司,新蛋信息技术（中国）有限公司,500-2000人,不需要融资,静安区,大数据工程师,3-5年,本科,16k-22k,"成熟平台,大流量电商,技术氛围好,发展空间大","['3', '5']",3,"['16', '22']",16
上海青客公共租赁住房租赁经营管理股份有限公司,上海青客,500-2000人,C轮,徐汇区,大数据工程师,3-5年,大专,15k-25k,年终奖，加班补贴，工作环境,"['3', '5']",3,"['15', '25']",15
深圳市金证科技股份有限公司,金证股份,2000人以上,上市公司,浦东新区,大数据工程师,3-5年,本科,10k-18k,"环境好,待遇好,奖金,旅游","['3', '5']",3,"['10', '18']",10
上海厚本金融信息服务有限公司,厚本金融,2000人以上,A轮,黄浦区,大数据工程师,1-3年,本科,10k-20k,学习空间大,"['1', '3']",1,"['10', '20']",10
四川斐讯信息技术有限公司,斐讯技术,2000人以上,不需要融资,松江区,大数据工程师,3-5年,本科,20k-30k,"晋升空间大,绩效奖金","['3', '5']",3,"['20', '30']",20
证通股份有限公司,证通股份,150-500人,不需要融资,浦东新区,大数据工程师,1-3年,本科,20k-33k,工作环境好,"['1', '3']",1,"['20', '33']",20
上海融之家金融信息服务有限公司,融之家,150-500人,B轮,杨浦区,大数据开发工程师,5-10年,大专,30k-35k,"环境高大上,年度国外游,美女鼓励师,年终奖丰厚","['5', '10']",5,"['30', '35']",30
上海趋佳信息科技有限公司,Each+,15-50人,天使轮,浦东新区,大数据研发工程师,3-5年,本科,15K-20K,"股票期权,扁平管理","['3', '5']",3,"['15', '20']",15
上海众言网络科技有限公司,问卷网@爱调研,150-500人,B轮,徐汇区,大数据工程师,1-3年,本科,15k-30k,"弹性工作,绩效奖金,职业发展","['1', '3']",1,"['15', '30']",15
上海画龙信息科技有限公司,Datatist,15-50人,A轮,徐汇区,大数据工程师,不限,本科,15k-25k,"大数据公司,硅谷团队,股票期权,带薪假期",[],0,"['15', '25']",15
申通快递有限公司,申通快递,2000人以上,上市公司,青浦区,大数据工程师,3-5年,本科,15k-25k,五险一金 周末双休 节假日福利 技能培训,"['3', '5']",3,"['15', '25']",15
上海中通吉网络技术有限公司,中通快递,2000人以上,上市公司,青浦区,大数据系统开发工程师,5-10年,本科,20k-35k,"大数据,扁平化","['5', '10']",5,"['20', '35']",20
上海游族信息技术有限公司,游族网络,500-2000人,上市公司,徐汇区,大数据开发工程师,3-5年,本科,15k-30k,"技术平台好,TB级数据,分享课程多,技术挑战大","['3', '5']",3,"['15', '30']",15
上海厚本金融信息服务有限公司,厚本金融,2000人以上,A轮,黄浦区,大数据工程师,1-3年,本科,15k-25k,"技术大牛多,晋升空间大","['1', '3']",1,"['15', '25']",15
上海融之家金融信息服务有限公司,融之家,150-500人,B轮,杨浦区,大数据开发工程师,5-10年,大专,30k-50k,年终奖金多，美女多，国外游,"['5', '10']",5,"['30', '50']",30
上海海万信息科技股份有限公司,江苏亿科达,500-2000人,不需要融资,浦东新区,大数据开发工程师,1-3年,本科,10k-16k,"节日礼金,年底奖金,体检旅游,带薪年假","['1', '3']",1,"['10', '16']",10
上海画龙信息科技有限公司,Datatist,15-50人,A轮,徐汇区,大数据架构师/大数据工程师,3-5年,本科,15k-30k,来自硅谷大数据团队，期权激励，晋升平台,"['3', '5']",3,"['15', '30']",15
华安财产保险股份有限公司,华安保险,2000人以上,不需要融资,宝山区,大数据工程师,3-5年,本科,15k-25k,"领导nic,扁平管理,补贴年假,福利","['3', '5']",3,"['15', '25']",15
深圳市和讯华谷信息技术有限公司,极光,500-2000人,D轮及以上,普陀区,大数据工程师 (上海),1-3年,本科,10k-20k,"D轮+,14薪+,攻城狮氛围,弹性工作","['1', '3']",1,"['10', '20']",10
上海基分文化传播有限公司,趣头条,500-2000人,不需要融资,浦东新区,大数据开发工程师,3-5年,本科,20k-40k,"平均16薪,弹性工作,环境好,扁平化管理","['3', '5']",3,"['20', '40']",20
上海汉询软件有限公司,汉询软件,15-50人,不需要融资,闵行区,大数据工程师,3-5年,大专,10k-15k,"带薪休假,员工旅游,五险一金","['3', '5']",3,"['10', '15']",10
红星美凯龙家居集团股份有限公司,红星美凯龙互联网集团,2000人以上,上市公司,普陀区,人工智能、大数据工程师-设计云,5-10年,本科,35k-50k,"算法,数据挖掘,图像处理","['5', '10']",5,"['35', '50']",35
上海诺诺镑客金融信息服务有限公司,麦子金服,500-2000人,A轮,浦东新区,大数据工程师,3-5年,本科,15k-30k,"交通便利,下午茶,水果提供,餐补","['3', '5']",3,"['15', '30']",15
上海誉渡信息技术有限公司,上海誉渡,50-150人,A轮,闵行区,大数据工程师,3-5年,本科,15k-30k,"上市公司,平台稳定,奖金多,不打卡","['3', '5']",3,"['15', '30']",15
上海卓越睿新数码科技有限公司,智慧树网,500-2000人,B轮,徐汇区,大数据开发工程师,5-10年,本科,15k-30k,"扁平化管理,大牛多,加班费,互联网+","['5', '10']",5,"['15', '30']",15
北京明略软件系统有限公司,明略数据,150-500人,C轮,浦东新区,大数据开发工程师,3-5年,本科,25k-40k,"物联网项目,大数据","['3', '5']",3,"['25', '40']",25
上海陆家嘴国际金融资产交易市场股份有限公司,陆金所,2000人以上,B轮,浦东新区,大数据工程师J10773,3-5年,本科,13k-26k,"平台大,福利好","['3', '5']",3,"['13', '26']",13
上海鱼泡泡信息科技有限公司,鱼泡泡,150-500人,B轮,徐汇区,大数据开发工程师,3-5年,本科,15k-25k,想提升、加薪，脱单的，鱼泡泡满足您！,"['3', '5']",3,"['15', '25']",15
上海海万信息科技股份有限公司,江苏亿科达,500-2000人,不需要融资,浦东新区,大数据开发工程师,3-5年,本科,13k-18k,大平台,"['3', '5']",3,"['13', '18']",13
华建数创（上海）科技有限公司,华建数创,50-150人,未融资,静安区,大数据开发工程师,3-5年,本科,18k-30k,"补充公积金,补充医疗保,团队佳,带薪年假","['3', '5']",3,"['18', '30']",18
中盈优创资讯科技有限公司,中盈优创,500-2000人,未融资,黄浦区,大数据工程师,3-5年,本科,10k-18k,"大数据,es,spark,etl","['3', '5']",3,"['10', '18']",10
福建合诚信息科技有限公司,合诚,50-150人,未融资,浦东新区,大数据开发工程师,3-5年,本科,15k-20k,"工作稳定,待遇好","['3', '5']",3,"['15', '20']",15
新蛋信息技术（中国）有限公司,新蛋信息技术（中国）有限公司,500-2000人,不需要融资,长宁区,大数据开发工程师,1-3年,本科,10k-15k,"大数据平台,技术氛围好,互联网电视,逗逼欢乐多","['1', '3']",1,"['10', '15']",10
上海彩亿信息技术有限公司,有鱼金融科技,500-2000人,不需要融资,徐汇区,大数据开发工程师,3-5年,本科,14k-26k,多平台，快发展，极客团队，无限发挥！,"['3', '5']",3,"['14', '26']",14
上海钧正网络科技有限公司,哈罗单车,2000人以上,D轮及以上,闵行区,大数据开发工程师,3-5年,本科,15k-30k,"薪资待遇好,工作氛围好,行业发展好,团队背景强","['3', '5']",3,"['15', '30']",15
上海优刻得信息科技有限公司,UCloud,500-2000人,D轮及以上,杨浦区,大数据开发工程师,3-5年,本科,20k-40k,"六险一金,弹性工作,年终旅游,技术挑战","['3', '5']",3,"['20', '40']",20
易玩（上海）网络科技有限公司,TapTap,50-150人,A轮,闸北区,大数据软件工程师,1-3年,本科,25k-50k,"优秀的同事,积极的文化,共同成长","['1', '3']",1,"['25', '50']",25
上海比孚信息科技有限公司,比孚,150-500人,未融资,杨浦区,大数据工程师,3-5年,本科,18k-28k,"13薪,带薪假8天,各种补贴","['3', '5']",3,"['18', '28']",18
申通快递有限公司,申通快递,2000人以上,上市公司,青浦区,大数据工程师,1-3年,本科,10k-20k,"五险一金,年假,双休,节日福利","['1', '3']",1,"['10', '20']",10
上海游族信息技术有限公司,游族网络,500-2000人,上市公司,徐汇区,大数据开发工程师,不限,不限,15k-30k,"发展空间大,福利待遇好,专业培训,上市公司",[],0,"['15', '30']",15
上海商米科技有限公司,商米科技,150-500人,C轮,杨浦区,大数据运维工程师,3-5年,本科,15k-30k,"技术氛围浓,年假病假,技术大牛,快速成长","['3', '5']",3,"['15', '30']",15
上海银天下投资集团有限公司,银科控股,2000人以上,上市公司,浦东新区,大数据工程师,1-3年,本科,15k-30k,"节日福利,五险一金,餐补,员工旅游","['1', '3']",1,"['15', '30']",15
上海基分文化传播有限公司,趣头条,500-2000人,不需要融资,浦东新区,大数据开发工程师,1-3年,本科,18k-25k,"海量数据,有发展空间,平均16薪,平台好","['1', '3']",1,"['18', '25']",18
上海彩亿信息技术有限公司,有鱼金融科技,500-2000人,不需要融资,徐汇区,大数据开发工程师,3-5年,本科,15k-28k,亿级用户，优质平台，极客文化，无限发挥！,"['3', '5']",3,"['15', '28']",15
承承网络科技（上海）有限公司,叽里呱啦,150-500人,A轮,普陀区,大数据架构工程师,3-5年,硕士,15k-25k,"新起点,氛围简单,发挥空间大,阿姨做饭","['3', '5']",3,"['15', '25']",15
上海游族信息技术有限公司,游族网络,500-2000人,上市公司,徐汇区,大数据运维工程师,不限,不限,12k-24k,"发展空间大,专业培训,工作氛围好,上市公司",[],0,"['12', '24']",12
上海德启信息科技有限公司,德邦,2000人以上,不需要融资,青浦区,大数据工程师-运维方向,3-5年,大专,13k-15k,"晋升制度,上市公司","['3', '5']",3,"['13', '15']",13
上海厚本金融信息服务有限公司,厚本金融,2000人以上,A轮,黄浦区,大数据运维工程师,3-5年,本科,15k-30k,"技术氛围好,学习空间大","['3', '5']",3,"['15', '30']",15
上海基分文化传播有限公司,趣头条,500-2000人,不需要融资,浦东新区,大数据开发工程师,3-5年,大专,20k-30k,"平均15薪,餐补,六险一金","['3', '5']",3,"['20', '30']",20
上海点融信息科技有限责任公司,点融,150-500人,D轮及以上,黄浦区,大数据开发工程师-SH2925,1-3年,本科,20k-40k,"空间大,前景好","['1', '3']",1,"['20', '40']",20
上海宏路数据技术股份有限公司,Hypers,50-150人,上市公司,,大数据工程师,3-5年,本科,15k-30k,技术氛围好，发展空间巨大,"['3', '5']",3,"['15', '30']",15
上海脉豪商务信息咨询有限公司,眸事网,150-500人,天使轮,虹口区,大数据开发工程师,1-3年,本科,10k-15k,"互联网公司,大数据AI,团队牛人多,弹性福利好","['1', '3']",1,"['10', '15']",10
上海前隆信息科技有限公司,前隆科技,500-2000人,B轮,虹口区,大数据运维工程师,3-5年,本科,20k-30k,福利待遇佳,"['3', '5']",3,"['20', '30']",20
苏州融畅软件科技有限公司,融畅软件,50-150人,未融资,黄浦区,大数据开发工程师,3-5年,本科,20k-40k,"行业领头羊,千万级,技术氛围浓","['3', '5']",3,"['20', '40']",20
蓝鸽集团有限公司,蓝鸽集团,500-2000人,不需要融资,闸北区,算法工程师/大数据工程师,不限,硕士,12k-20k,提供住宿、 五险一金、节日福利、 加班补贴,[],0,"['12', '20']",12
上海海万信息科技股份有限公司,江苏亿科达,500-2000人,不需要融资,徐汇区,大数据运维工程师,3-5年,大专,8k-15k,"体检,过节费,年终,旅游","['3', '5']",3,"['8', '15']",8
上海众言网络科技有限公司,问卷网@爱调研,150-500人,B轮,徐汇区,大数据运维工程师,3-5年,本科,15k-30k,"弹性工作,五险一金","['3', '5']",3,"['15', '30']",15
上海晋景数据科技有限公司,上海晋景数据,少于15人,不需要融资,静安区,大数据开发工程师,1-3年,本科,15k-30k,"专业的团队,政府支持产,薪资高","['1', '3']",1,"['15', '30']",15
上海诺诺镑客金融信息服务有限公司,麦子金服,500-2000人,A轮,浦东新区,大数据工程师,3-5年,本科,18k-22k,"聚餐,交通便利,餐补,水果","['3', '5']",3,"['18', '22']",18
上海容易网电子商务股份有限公司,容易网,150-500人,上市公司,浦东新区,大数据开发工程师,3-5年,本科,20k-30k,"发展空间大,上市公司,新零售","['3', '5']",3,"['20', '30']",20
蓝鸽集团有限公司,蓝鸽集团,500-2000人,不需要融资,闸北区,大数据软件工程师,不限,本科,12k-15k,提供住宿、周末双休、五险一金、节日福利,[],0,"['12', '15']",12
上海法智特实业集团有限公司,上海法智特实业集团,150-500人,不需要融资,松江区,大数据工程师,5-10年,本科,20k-30k,"技术,薪酬高,福利多,平台广","['5', '10']",5,"['20', '30']",20
上海幻电信息科技有限公司,哔哩哔哩,2000人以上,上市公司,杨浦区,大数据开发工程师,1-3年,本科,15K-30K,五险一金，年底双薪,"['1', '3']",1,"['15', '30']",15
上海帜讯信息技术股份有限公司,帜讯信息,500-2000人,上市公司,浦东新区,大数据工程师,3-5年,本科,20k-35k,补充公积金/交通补贴/探亲假/年终奖,"['3', '5']",3,"['20', '35']",20
上海元聚网络科技有限公司,上海元聚,150-500人,B轮,闵行区,大数据开发工程师,1年以下,大专,15k-25k,"高薪,晋升快",['1'],1,"['15', '25']",15
上海炽聚网络科技有限公司,上海炽聚,50-150人,A轮,徐汇区,大数据开发工程师,1-3年,本科,12k-18k,十三薪,"['1', '3']",1,"['12', '18']",12
深圳市泉眼网络科技有限公司,百灵鸟,500-2000人,不需要融资,黄浦区,大数据开发工程师,5-10年,本科,25k-50k,"弹性工作制,五险一金,带薪年假","['5', '10']",5,"['25', '50']",25
平安健康互联网股份有限公司上海分公司,平安健康互联网,2000人以上,A轮,徐汇区,大数据开发工程师,5-10年,本科,15k-30k,"福利丰厚,独角兽,技术氛围好","['5', '10']",5,"['15', '30']",15
上海剑圣网络科技有限公司,2144游戏,150-500人,不需要融资,浦东新区,大数据运维工程师,3-5年,本科,18k-30k,"福利好,发展空间","['3', '5']",3,"['18', '30']",18
上海合合信息科技发展有限公司,名片全能王,150-500人,C轮,静安区,大数据开发工程师,3-5年,本科,15k-30k,"亿级用户,领导好,福利好,团队氛围好","['3', '5']",3,"['15', '30']",15
上海阅文信息技术有限公司,阅文集团,500-2000人,上市公司,浦东新区,大数据开发工程师,3-5年,本科,15k-30k,"平台大,福利好,技术牛人多","['3', '5']",3,"['15', '30']",15
上海游族信息技术有限公司,游族网络,500-2000人,上市公司,徐汇区,资深大数据开发工程师,1-3年,不限,18k-23k,"工作氛围好,发展空间大,专业培训","['1', '3']",1,"['18', '23']",18
福建顶点软件股份有限公司,顶点软件,500-2000人,不需要融资,浦东新区,大数据工程师,1-3年,本科,8k-16k,"六险一金,节日福利,员工旅游,丰厚年终奖","['1', '3']",1,"['8', '16']",8
上海秦苍信息科技有限公司,买单侠,500-2000人,C轮,浦东新区,大数据工程师-上海,3-5年,本科,15k-30k,"扁平化管理,弹性工作制,商业保险","['3', '5']",3,"['15', '30']",15
上海海万信息科技股份有限公司,江苏亿科达,500-2000人,不需要融资,静安区,大数据开发,1-3年,大专,10k-15k,"五险一金,旅游体检,年终奖,过节费","['1', '3']",1,"['10', '15']",10
上海奥明信息技术有限公司,奥明信息,50-150人,上市公司,长宁区,大数据工程师,1-3年,本科,6k-12k,"股权激励,绩效奖励,专业培训,国高新企业","['1', '3']",1,"['6', '12']",6
秒针信息技术有限公司,秒针系统,500-2000人,D轮及以上,长宁区,大数据开发工程师,3-5年,本科,10k-20k,钱多 氛围好 发展平台好,"['3', '5']",3,"['10', '20']",10
上海剑圣网络科技有限公司,2144游戏,150-500人,不需要融资,浦东新区,大数据开发工程师,3-5年,大专,15k-25k,"福利好,平台大,发展空间","['3', '5']",3,"['15', '25']",15
魔谐软件科技（上海）有限公司,Alading Bank,500-2000人,A轮,黄浦区,大数据工程师,1-3年,本科,15k-25k,年底双薪,"['1', '3']",1,"['15', '25']",15
宽拓（北京）科技有限公司,Quantex,50-150人,A轮,黄浦区,大数据开发工程师,3-5年,本科,18k-30k,"福利优越,不打卡,大牛多","['3', '5']",3,"['18', '30']",18
上海幻电信息科技有限公司,哔哩哔哩,2000人以上,上市公司,杨浦区,大数据运维工程师,3-5年,本科,20k-40k,"公司好,发展快,领导好,氛围好","['3', '5']",3,"['20', '40']",20
钱包生活（平潭）科技有限公司上海分公司,钱包生活,2000人以上,B轮,闵行区,大数据开发工程师,3-5年,本科,20k-35k,"五险两金,试用期无折,地铁周边,晋升空间大","['3', '5']",3,"['20', '35']",20
上海悦程信息技术有限公司,NSOC大数据安全智能,15-50人,天使轮,浦东新区,大数据高级工程师,1-3年,本科,10k-20k,"股权激励,五险一金,年终奖金,弹性工作","['1', '3']",1,"['10', '20']",10
众安在线财产保险股份有限公司,众安保险,2000人以上,上市公司,黄浦区,大数据开发工程师,1-3年,本科,15k-30k,"发展前景好,弹性工作制","['1', '3']",1,"['15', '30']",15
上海魔芋网络科技有限公司,性能魔方,50-150人,A轮,长宁区,大数据研发工程师,1-3年,本科,15k-30k,"上市公司,出国旅游,各种补贴,生日礼物","['1', '3']",1,"['15', '30']",15
上海艾融软件股份有限公司,艾融股份,500-2000人,上市公司,浦东新区,大数据开发工程师,3-5年,本科,10k-16k,"五险一金,餐费补贴","['3', '5']",3,"['10', '16']",10
上海嵩恒网络科技股份有限公司,东方头条,500-2000人,不需要融资,浦东新区,大数据开发工程师,3-5年,本科,15k-30k,"免费班车,早餐,带薪病假,五险一金","['3', '5']",3,"['15', '30']",15
世纪畅链有限责任公司,畅由,150-500人,未融资,杨浦区,大数据开发工程师,3-5年,本科,15k-22k,"大数据,算法,底层","['3', '5']",3,"['15', '22']",15
国泰财产保险有限责任公司,国泰产险,500-2000人,不需要融资,浦东新区,高级大数据工程师,3-5年,本科,25k-35k,"蚂蚁控股,互联网保险,大平台,年轻有朝气","['3', '5']",3,"['25', '35']",25
清影医疗科技(深圳)有限公司,清影医疗,50-150人,天使轮,浦东新区,大数据工程师,3-5年,本科,16k-25k,"人工智能,智慧医疗,扁平管理,精英团队","['3', '5']",3,"['16', '25']",16
上海好居信息科技有限公司,悟空找房,500-2000人,C轮,浦东新区,大数据开发工程师（16号线滴水湖）,3-5年,本科,20k-30k,"五险一金,带薪年假,节日福利,技术大牛","['3', '5']",3,"['20', '30']",20
上海合合信息科技发展有限公司,名片全能王,150-500人,C轮,静安区,数据库/大数据运维工程师,1-3年,本科,10k-20k,"技术牛人多,工作氛围好,工作环境佳,领导好","['1', '3']",1,"['10', '20']",10
苏州工业园区凌志软件股份有限公司,凌志软件,2000人以上,上市公司,杨浦区,大数据开发工程师（上海）,3-5年,本科,15k-20k,"上市公司,待遇优渥","['3', '5']",3,"['15', '20']",15
上海戎磐网络科技有限公司,戎磐网络,15-50人,天使轮,长宁区,大数据处理,1-3年,本科,12k-17k,"环境好,氛围好,领导好","['1', '3']",1,"['12', '17']",12
上海联栈信息科技有限公司,unistack,15-50人,A轮,长宁区,大数据开发工程师,5-10年,本科,15K-30K,年终多假期多福利多，氛围好，空间大,"['5', '10']",5,"['15', '30']",15
上海经达信息科技股份有限公司,上海经达,15-50人,不需要融资,徐汇区,大数据开发工程师,3-5年,本科,15k-25k,"上海市交通,大数据中心,政府指定","['3', '5']",3,"['15', '25']",15
上海掌小门教育科技有限公司,掌门1对1在线教育,500-2000人,D轮及以上,虹口区,大数据运维工程师,1-3年,本科,15k-25k,"团队氛围,在线教育,D轮,个人发展","['1', '3']",1,"['15', '25']",15
拍拍信数据服务（上海）有限公司,拍拍信,50-150人,未融资,浦东新区,资深大数据工程师,5-10年,本科,23k-36k,"弹性工作中,带薪年假,旅游团建等,补贴","['5', '10']",5,"['23', '36']",23
深圳市金证科技股份有限公司,金证股份,2000人以上,上市公司,浦东新区,大数据开发,1-3年,大专,9k-14k,"金融行业,上市公司","['1', '3']",1,"['9', '14']",9
上海易鲸捷信息技术有限公司,易鲸捷,50-150人,不需要融资,浦东新区,大数据开发工程师,3-5年,本科,12k-24k,弹性工作，著名外企血统，免费零食。,"['3', '5']",3,"['12', '24']",12
深圳市博奥特科技有限公司,博奥特科技,150-500人,未融资,浦东新区,大数据开发工程师,3-5年,不限,15k-20k,"平台大,五险一金,弹性工作,节日红包","['3', '5']",3,"['15', '20']",15
北京九章云极科技有限公司,九章云极科技,150-500人,B轮,长宁区,大数据开发工程师,3-5年,本科,15k-30k,"技术大牛,领导好,六险一金,成长型公司","['3', '5']",3,"['15', '30']",15
上海齐家网信息科技股份有限公司,齐家网,2000人以上,D轮及以上,嘉定区,大数据开发工程师,3-5年,大专,15k-30k,"互联网公司,电商公司,大平台","['3', '5']",3,"['15', '30']",15
上海齐家网信息科技股份有限公司,齐家网,2000人以上,D轮及以上,嘉定区,大数据开发工程师,3-5年,大专,15k-30k,"互联网公司,电商公司,大平台","['3', '5']",3,"['15', '30']",15
上海翡鹿信息技术服务有限公司,上海翡鹿信息技术服务有限公司,50-150人,不需要融资,浦东新区,大数据运维工程师,3-5年,本科,15k-20k,"晋升快,福利多,气氛好,美女多","['3', '5']",3,"['15', '20']",15
上海众调信息科技有限公司,上海众调科技,50-150人,A轮,杨浦区,高级大数据工程师,3-5年,本科,10k-20k,"交通便利,团队有大牛,个人发展好,行业力量","['3', '5']",3,"['10', '20']",10
上海缔塔科技有限公司,缔塔科技,15-50人,不需要融资,浦东新区,大数据开发工程师,3-5年,本科,30k-60k,"数据库,分布式,数据迁移","['3', '5']",3,"['30', '60']",30
上海聚力传媒技术有限公司,PPTV聚力,500-2000人,D轮及以上,浦东新区,大数据运维工程师,1-3年,本科,10k-17k,五险一金，补充医保，弹性工作,"['1', '3']",1,"['10', '17']",10
上海钦文信息科技有限公司,爱乐奇,150-500人,D轮及以上,浦东新区,中级大数据研发工程师,3-5年,本科,10k-15k,"行业前景好,领导好,团队氛围佳","['3', '5']",3,"['10', '15']",10
上海萌店信息科技有限公司,微盟,2000人以上,D轮及以上,宝山区,大数据工程师(J10063),1-3年,本科,12k-24k,带薪年假 五险一金 每日水果,"['1', '3']",1,"['12', '24']",12
上海旌显企业管理咨询事务所,上海旌显,50-150人,不需要融资,杨浦区,大数据开发工程师,3-5年,本科,20k-35k,"年底奖金,扁平化,技术大牛","['3', '5']",3,"['20', '35']",20
深圳市雁联计算系统有限公司,雁联计算,500-2000人,不需要融资,浦东新区,大数据开发工程师,3-5年,本科,10k-20k,晋升空间大、福利待遇优、早九晚五,"['3', '5']",3,"['10', '20']",10
上海勋立信息科技有限公司,勋立科技,500-2000人,不需要融资,普陀区,大数据开发工程师,3-5年,大专,15k-30k,"平台稳定,团队氛围好,团队年轻化,晋升空间","['3', '5']",3,"['15', '30']",15
上海意视信息科技有限公司,意视科技,15-50人,不需要融资,徐汇区,大数据开发工程师,1年以下,本科,10k-14k,"发展前景大,年终奖,扁平化管理,公司氛围好",['1'],1,"['10', '14']",10
杭州顺网科技股份有限公司,顺网科技,500-2000人,上市公司,普陀区,大数据开发工程师,不限,本科,10k-20k,"上市公司,技术实力强,发展空间大,薪酬福利好",[],0,"['10', '20']",10
上海晋景数据科技有限公司,上海晋景数据,少于15人,不需要融资,静安区,资深大数据开发工程师,3-5年,本科,20k-40k,"专业的团队,薪资高,玩大数据,福利多多","['3', '5']",3,"['20', '40']",20
上海掌小门教育科技有限公司,掌门1对1在线教育,500-2000人,D轮及以上,虹口区,大数据运维工程师,1-3年,本科,15k-25k,"技术前沿,团队氛围,个人发展,地铁周边","['1', '3']",1,"['15', '25']",15
上海阅文信息技术有限公司,阅文集团,500-2000人,上市公司,浦东新区,大数据开发工程师 - 计费方向,3-5年,本科,15k-30k,"Top团队,发展快,福利好,环境佳","['3', '5']",3,"['15', '30']",15
上海上马石网络科技有限公司,HiCTO,15-50人,A轮,长宁区,大数据研发工程师,3-5年,本科,20k-40k,"大数据专家,前沿项目,行业独角兽,技术驱动","['3', '5']",3,"['20', '40']",20
拉扎斯网络科技（上海）有限公司,饿了么,2000人以上,D轮及以上,普陀区,大数据工程师,1-3年,本科,18k-36k,发展平台好 薪资open 环境nice 技术氛围佳,"['1', '3']",1,"['18', '36']",18
上海萌店信息科技有限公司,微盟,2000人以上,D轮及以上,宝山区,大数据工程师,1-3年,本科,15k-25k,领导nice、扁平管理、补贴年假福利,"['1', '3']",1,"['15', '25']",15
北京字节跳动科技有限公司,字节跳动,2000人以上,C轮,徐汇区,大数据架构工程师 - 性能优化,3-5年,本科,20k-40k,六险一金，弹性工作，免费三餐，租房补贴，带薪休假，休闲下午茶，扁平管理，职业大牛，团队氛围好,"['3', '5']",3,"['20', '40']",20
北京匹匹扣国际旅行社有限公司上海分公司,旅游圈,150-500人,B轮,徐汇区,大数据开发工程师,3-5年,本科,10K-20K,扁平化管理,"['3', '5']",3,"['10', '20']",10
上海六界信息技术有限公司,小葫芦,50-150人,不需要融资,徐汇区,大数据运维工程师,1-3年,本科,10k-20k,团队氛围好，福利好,"['1', '3']",1,"['10', '20']",10
中国电信集团号百公司,号百公司,150-500人,上市公司,浦东新区,大数据研发工程师.,3-5年,本科,10K-15K,运营商大数据生态圈，精准营销行业应用,"['3', '5']",3,"['10', '15']",10
上海证大喜马拉雅网络科技有限公司,喜马拉雅,500-2000人,D轮及以上,浦东新区,大数据运维工程师,不限,本科,10k-12k,"弹性工作制,五险一金,发展空间大,餐费补贴",[],0,"['10', '12']",10
上海思华科技股份有限公司,思华科技,150-500人,D轮及以上,浦东新区,大数据服务工程师,1-3年,本科,8k-15k,五险一金 年终奖 带薪病事假,"['1', '3']",1,"['8', '15']",8
苏州工业园区凌志软件股份有限公司,凌志软件,2000人以上,上市公司,浦东新区,大数据研发工程师（国君）,3-5年,本科,10k-15k,"平台好,职位晋升快,薪酬福利好,氛围舒适","['3', '5']",3,"['10', '15']",10
上海华钦软件技术有限公司,华钦科技,500-2000人,不需要融资,杨浦区,大数据开发工程师,5-10年,本科,30k-40k,"金融外企,弹性工作","['5', '10']",5,"['30', '40']",30
上海剑圣网络科技有限公司,2144游戏,150-500人,不需要融资,浦东新区,大数据开发,3-5年,本科,20k-25k,"团队氛围好,团建项目多,晋升空间大,福利待遇佳","['3', '5']",3,"['20', '25']",20
中国银联,银联,2000人以上,未融资,浦东新区,大数据工程师,1-3年,本科,16k-32k,"大数据,数据治理","['1', '3']",1,"['16', '32']",16
上海聪盛网络科技有限公司,聪盛网络,50-150人,不需要融资,闵行区,高级大数据开发工程师,3-5年,不限,20k-35k,"福利多,待遇好,包早晚餐,年轻化","['3', '5']",3,"['20', '35']",20
上海德峰广告传播有限公司,分众传媒,2000人以上,上市公司,长宁区,大数据运维工程师,3-5年,本科,10k-20k,"上市公司,发展空间大,团队氛围好","['3', '5']",3,"['10', '20']",10
上海烨睿信息科技有限公司,上海烨睿信息科技有限公司,15-50人,A轮,黄浦区,大数据开发工程师,3-5年,本科,18k-36k,"股权激励,股权激励,绩效奖金,弹性工作","['3', '5']",3,"['18', '36']",18
上海裕乾金融信息服务有限公司,聚财猫,50-150人,A轮,浦东新区,大数据开发工程师,3-5年,本科,15k-25k,"弹性工作,年底双薪,福利假期,超多美女","['3', '5']",3,"['15', '25']",15
上海领健信息技术有限公司,领健信息,150-500人,B轮,浦东新区,大数据工程师-上海张江-00268,3-5年,本科,15k-25k,产品好 团队好 晋升空间大,"['3', '5']",3,"['15', '25']",15
上海新数网络科技有限公司,新数,50-150人,不需要融资,杨浦区,大数据开发工程师,1-3年,本科,12k-15k,"年底双薪,员工旅游,绩效奖金","['1', '3']",1,"['12', '15']",12
上海蓦寻网络科技有限公司,蓦寻,50-150人,不需要融资,宝山区,大数据工程师,3-5年,本科,15k-30k,"年底双薪,加班少,工作氛围优,CTO好","['3', '5']",3,"['15', '30']",15
上海风寻信息技术有限公司,上海风寻信息技术有限公司,50-150人,未融资,徐汇区,大数据开发工程师,3-5年,本科,20k-30k,"已上市背景,专业的团队,轻松的氛围,整洁的环境","['3', '5']",3,"['20', '30']",20
上海帜讯信息技术股份有限公司,帜讯信息,500-2000人,上市公司,浦东新区,大数据开发团队LEADER/高级大数据工程师,5-10年,本科,25k-35k,"大数据平台,工作氛围好,团队大牛多,行业","['5', '10']",5,"['25', '35']",25
上海河姆渡实业发展有限公司,河姆渡电子商务有限公司,500-2000人,A轮,浦东新区,大数据开发工程师,1-3年,本科,10k-18k,"项目奖金,年终奖,总裁特别奖,弹性工时","['1', '3']",1,"['10', '18']",10
平安科技（深圳）有限公司,平安科技,2000人以上,不需要融资,浦东新区,大数据处理工程师（上海）,不限,本科,10k-15k,世界500强 带薪年假 节日福利 绩效丰厚,[],0,"['10', '15']",10
东方财富信息股份有限公司,东方财富,2000人以上,上市公司,徐汇区,大数据开发工程师,3-5年,本科,20k-35k,"五险一金,年底双薪,绩效奖金,职位晋升","['3', '5']",3,"['20', '35']",20
上海数据交易中心有限公司,上海数据交易中心,50-150人,不需要融资,闸北区,大数据研发工程师,3-5年,硕士,15k-30k,"绩效奖金,五险一金","['3', '5']",3,"['15', '30']",15
易玩（上海）网络科技有限公司,TapTap,50-150人,A轮,闸北区,大数据算法工程师,1-3年,本科,25k-40k,"知名团队,技术导向,氛围轻松,福利好","['1', '3']",1,"['25', '40']",25
广州思迈特软件有限公司,广州思迈特,150-500人,不需要融资,徐汇区,大数据开发工程师,3-5年,本科,15k-20k,"技术大牛,福利多多,员工旅游,领导好","['3', '5']",3,"['15', '20']",15
上海彩亿信息技术有限公司,有鱼金融科技,500-2000人,不需要融资,徐汇区,大数据开发,3-5年,本科,15k-30k,多平台，快发展，精英团队，无限发挥！,"['3', '5']",3,"['15', '30']",15
易玩（上海）网络科技有限公司,TapTap,50-150人,A轮,闸北区,大数据平台工程师,3-5年,本科,25k-40k,"知名团队,氛围好,福利好,技术导向","['3', '5']",3,"['25', '40']",25
上海联栈信息科技有限公司,unistack,15-50人,A轮,长宁区,大数据开发工程师,5-10年,本科,15K-30K,年终多假期多福利多，氛围好，空间大,"['5', '10']",5,"['15', '30']",15
中泰证券股份有限公司,中泰证券,500-2000人,上市公司,浦东新区,大数据研发工程师,3-5年,本科,30k-50k,大型综合类券商，有挑战的薪酬和福利,"['3', '5']",3,"['30', '50']",30
上海幻电信息科技有限公司,哔哩哔哩,2000人以上,上市公司,杨浦区,大数据开发-资深Hadoop,5-10年,本科,25k-40k,"年终奖,六险一金,互联网","['5', '10']",5,"['25', '40']",25
国金证券股份有限公司,国金证券,2000人以上,上市公司,浦东新区,国金涌富-大数据开发工程师,3-5年,硕士,30k-35k,金融科技,"['3', '5']",3,"['30', '35']",30
上海宏路数据技术股份有限公司,Hypers,50-150人,上市公司,,高级大数据工程师,3-5年,本科,20k-35k,技术氛围好，发展空间巨大,"['3', '5']",3,"['20', '35']",20
汇中普惠财富投资管理（北京）有限公司,汇中财富,2000人以上,不需要融资,徐汇区,大数据开发工程师--上海办公,3-5年,本科,15k-25k,"大型平台,朝阳行业,优秀的项目,专业的团队","['3', '5']",3,"['15', '25']",15
昆山和君纵达数据科技有限公司,和君纵达,2000人以上,不需要融资,闵行区,大数据开发工程师,3-5年,本科,20k-35k,"大咖团队,技术前沿,团队年轻","['3', '5']",3,"['20', '35']",20
沃时派客（上海）包装科技有限公司,Worthpack,15-50人,未融资,长宁区,大数据开发工程师,不限,本科,15k-25k,"五险一金,免费午餐,技术牛人多,不加班",[],0,"['15', '25']",15
北京美至网络科技有限公司,美至科技,50-150人,天使轮,长宁区,大数据工程师(职位编号:SH2018016002),3-5年,本科,25k-30k,"发展空间大,学习机会多,大牛同僚,扁平管理","['3', '5']",3,"['25', '30']",25
上海秦苍信息科技有限公司,买单侠,500-2000人,C轮,浦东新区,大数据工程师,1-3年,本科,15k-25k,"扁平化管理,技术大牛","['1', '3']",1,"['15', '25']",15
北京九章云极科技有限公司,九章云极科技,150-500人,B轮,长宁区,大数据运维工程师,3-5年,本科,15K-25K,技术大牛  技术驱动 Geek氛围,"['3', '5']",3,"['15', '25']",15
上海卓越睿新数码科技有限公司,智慧树网,500-2000人,B轮,徐汇区,大数据开发,3-5年,硕士,15k-30k,"新业务,空间大,机会多","['3', '5']",3,"['15', '30']",15
上海创蓝文化传播有限公司,上海创蓝文化传播有限公司,150-500人,未融资,松江区,大数据工程师,5-10年,本科,20k-30k,"五险一金,年底双薪,环境高大上,福利多又多","['5', '10']",5,"['20', '30']",20
上海维跃信息科技有限公司,善诊,50-150人,B轮,浦东新区,大数据专家,5-10年,本科,45k-60k,"重视人才,发展空间大,业务上升期,高薪","['5', '10']",5,"['45', '60']",45
深圳市博奥特科技有限公司,博奥特科技,150-500人,未融资,浦东新区,（中高级）大数据开发工程师,3-5年,本科,15k-18k,"平台大,五险一金,节日福利,弹性工作","['3', '5']",3,"['15', '18']",15
上海享骑电动车服务有限公司,享骑出行,150-500人,未融资,闵行区,大数据工程师-平台负责人,5-10年,大专,15k-30k,"发展前景好,成长空间大","['5', '10']",5,"['15', '30']",15
圆通速递有限公司,圆通,2000人以上,上市公司,青浦区,高级大数据开发工程师,3-5年,本科,15k-30k,上市公司，前景好，氛围好，待遇好,"['3', '5']",3,"['15', '30']",15
北京三快在线科技有限公司,美团点评,2000人以上,D轮及以上,长宁区,大数据开发工程师,5-10年,本科,30k-40k,互联网平台，扁平化管理,"['5', '10']",5,"['30', '40']",30
上海即果信息技术有限公司,即刻,50-150人,C轮,杨浦区,中高级大数据工程师,3-5年,本科,20k-40k,"产品有潜力,技术导向,技术氛围浓,福利超多","['3', '5']",3,"['20', '40']",20
上海幻电信息科技有限公司,哔哩哔哩,2000人以上,上市公司,杨浦区,大数据开发-底层组件,3-5年,本科,15k-30k,"互联网,上市公司,二次元","['3', '5']",3,"['15', '30']",15
上海诺诺镑客金融信息服务有限公司,麦子金服,500-2000人,A轮,浦东新区,大数据开发工程师,1-3年,本科,15k-25k,发展潜力大 福利多多,"['1', '3']",1,"['15', '25']",15
霍尔果斯旗发信息技术有限公司上海分公司,旗发科技,150-500人,上市公司,杨浦区,大数据开发工程师,1-3年,本科,15k-25k,"待遇优厚,环境优美,上市公司,扁平管理","['1', '3']",1,"['15', '25']",15
上海飞奥信息技术服务有限公司,上海飞奥,15-50人,未融资,浦东新区,大数据实施工程师,1-3年,大专,7k-8k,"工业物联网,大数据,年终奖,五险一金","['1', '3']",1,"['7', '8']",7
上海音智达信息技术有限公司,音智达,500-2000人,未融资,长宁区,大数据开发工程师,3-5年,本科,10k-20k,"发展前景好,优秀团队,专业培训,带薪年假","['3', '5']",3,"['10', '20']",10
宁波嘉德国际货运代理有限公司,嘉德,15-50人,未融资,浦东新区,大数据开发工程师,3-5年,本科,25K-40K,"企业前景好,创始人优秀,薪资高","['3', '5']",3,"['25', '40']",25
竹筏科技（北京）有限公司,竹筏科技,50-150人,不需要融资,徐汇区,大数据运维工程师,1-3年,本科,10k-20k,"公司福利好,团队氛围佳","['1', '3']",1,"['10', '20']",10
杭州财米科技有限公司,挖财,500-2000人,C轮,浦东新区,资深大数据研发工程师-上海-01116,3-5年,本科,20k-35k,弹性工作、六险一金、晋升空间,"['3', '5']",3,"['20', '35']",20
深圳平安综合金融服务有限公司,平安金服,2000人以上,上市公司,浦东新区,高级/资深大数据开发工程师（上海）,3-5年,本科,25k-50k,"福利好,奖金多,技术牛人多,平台大","['3', '5']",3,"['25', '50']",25
上海明化科技有限公司,买原料,15-50人,天使轮,浦东新区,大数据开发工程师,不限,本科,10k-20k,"成熟,稳定,高奖金,地铁",[],0,"['10', '20']",10
上海诺诺镑客金融信息服务有限公司,麦子金服,500-2000人,A轮,浦东新区,大数据开发工程师,1-3年,本科,15k-30k,"薪资优待,福利完善","['1', '3']",1,"['15', '30']",15
上海七牛信息技术有限公司,七牛云,150-500人,D轮及以上,浦东新区,大数据开发工程师,3-5年,本科,17k-34k,"六险一金,免费健身,弹性工作,团建旅游","['3', '5']",3,"['17', '34']",17
上海翡鹿信息技术服务有限公司,上海翡鹿信息技术服务有限公司,50-150人,不需要融资,浦东新区,大数据开发工程师,3-5年,本科,15k-30k,"五险一金,年终奖,绩效奖金,房补","['3', '5']",3,"['15', '30']",15
上海寻梦信息技术有限公司,拼多多,500-2000人,C轮,长宁区,大数据运维工程师,3-5年,本科,20k-40k,"年底双薪,绩效奖金多,免费工作餐,免费住宿","['3', '5']",3,"['20', '40']",20
上海优刻得信息科技有限公司,UCloud,500-2000人,D轮及以上,杨浦区,大数据产品研发工程师,3-5年,本科,15k-30k,"福利多,平台广,机会多","['3', '5']",3,"['15', '30']",15
上海你我贷互联网金融信息服务有限公司,上海你我贷互联网金融信息服务,2000人以上,未融资,浦东新区,大数据研发工程师,3-5年,本科,18k-28k,平台大，领导好，五险一金，年终奖,"['3', '5']",3,"['18', '28']",18
上海知助数据科技有限公司,知助数据,少于15人,天使轮,浦东新区,大数据算法工程师,不限,硕士,20k-30k,"发展空间大,硅谷团队",[],0,"['20', '30']",20
北京优帆科技有限公司,青云,150-500人,D轮及以上,黄浦区,大数据产品研发工程师,3-5年,本科,15k-30k,"福利多多,技术大牛,时间弹性,发展空间","['3', '5']",3,"['15', '30']",15
上海萌店信息科技有限公司,微盟,2000人以上,D轮及以上,宝山区,大数据运维工程师,3-5年,大专,13k-26k,"公司前景好,发展空间大","['3', '5']",3,"['13', '26']",13
苏州盈衍友诚信息科技有限公司,美好分期,150-500人,A轮,黄浦区,大数据开发工程师,1-3年,本科,15k-25k,"五险一金,年终福利,带薪年假,定期体检","['1', '3']",1,"['15', '25']",15
上海艾融软件股份有限公司,艾融股份,500-2000人,上市公司,浦东新区,大数据开发工程师,1-3年,本科,8k-15k,"五险一金,带薪年假,餐饮补贴","['1', '3']",1,"['8', '15']",8
深圳市紫川软件有限公司,紫川软件,500-2000人,不需要融资,浦东新区,大数据开发工程师,1-3年,大专,10k-18k,"核心部门,新团队","['1', '3']",1,"['10', '18']",10
上海韬安信息技术有限公司,韬安,少于15人,不需要融资,宝山区,大数据开发工程师,3-5年,本科,10k-20k,"大数据,分布式,spark,hbase","['3', '5']",3,"['10', '20']",10
上海爱可生信息技术股份有限公司,爱可生,150-500人,B轮,徐汇区,大数据高级工程师,5-10年,本科,13k-25k,"新三板,技术大牛,团建活动","['5', '10']",5,"['13', '25']",13
江苏模宝电子商务有限公司,模宝商城,50-150人,A轮,杨浦区,大数据开发,5-10年,本科,30k-60k,"云计算,亿级数据量,知名互联网","['5', '10']",5,"['30', '60']",30
上海翡鹿信息技术服务有限公司,上海翡鹿信息技术服务有限公司,50-150人,不需要融资,浦东新区,高级大数据开发工程师,5-10年,本科,18k-25k,"晋升快,平台大,美女多,扁平化","['5', '10']",5,"['18', '25']",18
上海二三四五网络科技有限公司,2345.com,500-2000人,上市公司,浦东新区,大数据开发工程师（2345贷款王）,5-10年,本科,20k-40k,"上市公司,技术大牛多,风控大数据,年终奖丰富","['5', '10']",5,"['20', '40']",20
德佑房地产经纪有限公司,链家上海研发中心,500-2000人,B轮,静安区,大数据开发工程师,3-5年,本科,15k-25k,大平台 高挑战 高成长,"['3', '5']",3,"['15', '25']",15
工匠广告传播（上海）有限公司,NORMCORE,15-50人,不需要融资,长宁区,大数据专家,5-10年,硕士,30K-60K,工资面议,"['5', '10']",5,"['30', '60']",30
百联全渠道电子商务有限公司,百联全渠道电商,500-2000人,不需要融资,黄浦区,资深大数据研发工程师,5-10年,本科,20k-40k,"集团项目,数据量大","['5', '10']",5,"['20', '40']",20
上海管易云计算软件有限公司,管易云,150-500人,不需要融资,浦东新区,大数据开发,3-5年,本科,20k-30k,成熟平台 福利齐全 领导nice 技术导向,"['3', '5']",3,"['20', '30']",20
上海脉豪商务信息咨询有限公司,眸事网,150-500人,天使轮,虹口区,大数据开发,1-3年,本科,10k-15k,"互联网公司,大数据平台,活力年轻,弹性8h","['1', '3']",1,"['10', '15']",10
上海阜登管理咨询有限公司,上海阜登,50-150人,不需要融资,静安区,大数据开发工程师,3-5年,本科,20k-40k,数据开发,"['3', '5']",3,"['20', '40']",20
上海媒智科技有限公司,媒智科技,15-50人,不需要融资,徐汇区,大数据开发工程师,1-3年,本科,10k-20k,"氛围好,人性话,机会多,成就感强","['1', '3']",1,"['10', '20']",10
上海触乐信息科技有限公司,触宝,150-500人,D轮及以上,徐汇区,高级大数据工程师,1-3年,本科,25k-45k,"独角兽,大牛云集,发展空间大,职位晋升快","['1', '3']",1,"['25', '45']",25
上海即果信息技术有限公司,即刻,50-150人,C轮,杨浦区,中高级大数据工程师,3-5年,本科,20k-40k,"产品有潜力,技术导向,技术氛围浓,福利超多","['3', '5']",3,"['20', '40']",20
上海钢银电子商务股份有限公司,上海钢银,500-2000人,上市公司,宝山区,大数据开发工程师,3-5年,本科,15k-25k,"周末双休,股权激励,带薪年假,五险一金","['3', '5']",3,"['15', '25']",15
苏州工业园区凌志软件股份有限公司,凌志软件,2000人以上,上市公司,浦东新区,大数据研发工程师（驻国泰君安）,1-3年,本科,12k-20k,金融大数据,"['1', '3']",1,"['12', '20']",12
南京华苏科技有限公司,华苏科技,2000人以上,上市公司,浦东新区,大数据开发工程师,3-5年,大专,16k-32k,"高薪,大平台","['3', '5']",3,"['16', '32']",16
和金在线（北京）科技有限公司,和金在线,150-500人,C轮,徐汇区,大数据开发工程师,3-5年,本科,15k-25k,"五险一金,补贴福利,股票期权,各类奖金","['3', '5']",3,"['15', '25']",15
百度在线网络技术（北京）有限公司,百度,2000人以上,不需要融资,浦东新区,大数据研发工程师,不限,本科,20k-40k,"平台大,福利好,弹性工作",[],0,"['20', '40']",20
上海飞未信息技术有限公司,上海飞未,50-150人,未融资,徐汇区,高级软件工程师（大数据）,3-5年,本科,9k-18k,"弹性工作,绩效激励,10天年假,扁平化管理","['3', '5']",3,"['9', '18']",9
电通安吉斯（上海）投资有限公司,电通安吉斯,2000人以上,上市公司,黄浦区,Development Manager，大数据,3-5年,本科,25k-30k,"外企福利,大平台,新天地办公","['3', '5']",3,"['25', '30']",25
无锡华云数据技术服务有限公司,华云数据,500-2000人,D轮及以上,杨浦区,14-大数据总监,10年以上,本科,20k-40k,各项补贴 节日福利 弹性上下班 年度旅游,['10'],10,"['20', '40']",20
上海数据交易中心有限公司,上海数据交易中心,50-150人,不需要融资,闸北区,大数据研发工程师,1-3年,硕士,12k-24k,"大数据行业,顶级团队,新技术培训","['1', '3']",1,"['12', '24']",12
珠海横琴极盛科技有限公司,极盛科技,500-2000人,上市公司,浦东新区,大数据软件工程师,1-3年,本科,15k-30k,1年16薪,"['1', '3']",1,"['15', '30']",15
远东国际租赁有限公司,远东国际租赁有限公司,2000人以上,上市公司,浦东新区,高级大数据工程师,3-5年,本科,25k-40k,"扁平化,弹性工作,技术牛,发展机会多","['3', '5']",3,"['25', '40']",25
上海众言网络科技有限公司,问卷网@爱调研,150-500人,B轮,徐汇区,大数据总监,5-10年,本科,25k-50k,"五险一金,节日福利,季度旅游,水果下午茶","['5', '10']",5,"['25', '50']",25
同程网络科技股份有限公司,同程艺龙,2000人以上,D轮及以上,普陀区,大数据系统研发工程师,3-5年,本科,25k-40k,福利待遇、发展前景,"['3', '5']",3,"['25', '40']",25
上海比领网络科技有限公司,比领网络,50-150人,未融资,徐汇区,大数据负责人,3-5年,本科,20k-30k,大数据,"['3', '5']",3,"['20', '30']",20
上海宝金信息科技有限公司,宝金信息,50-150人,未融资,浦东新区,大数据开发工程师,1-3年,本科,10k-20k,"平台好,项目长期稳","['1', '3']",1,"['10', '20']",10
上海牵趣网络科技有限公司,丰趣海淘,150-500人,B轮,普陀区,大数据开发工程师,3-5年,本科,20k-30k,弹性工作 各种假期 餐补 绩效 体检,"['3', '5']",3,"['20', '30']",20
上海晨之科信息技术有限公司,上海晨之科,150-500人,C轮,徐汇区,大数据开发工程师,3-5年,大专,15k-25k,"五险一金,年终奖,定期体检,节日福利","['3', '5']",3,"['15', '25']",15
上海银橙文化传媒股份有限公司,银橙传媒,150-500人,上市公司,徐汇区,大数据高级开发工程师,3-5年,本科,20k-25k,"团队强大,美女如云,免费午餐,年底奖金","['3', '5']",3,"['20', '25']",20
上海直真君智科技有限公司,直真君智,50-150人,不需要融资,徐汇区,大数据开发工程师,3-5年,本科,15k-30k,"福利多多,弹性工作","['3', '5']",3,"['15', '30']",15
绵阳驰聘企业管理有限公司,绵阳驰聘,少于15人,未融资,浦东新区,大数据/算法工程师,3-5年,本科,25K-50K,五险一金，年终奖,"['3', '5']",3,"['25', '50']",25
上海钱智金融信息服务有限公司,东方融资网,500-2000人,A轮,普陀区,大数据开发工程师,1-3年,本科,12k-20k,"年14薪,带薪年假,弹性工作,发展快","['1', '3']",1,"['12', '20']",12
上海靖琪网络科技有限公司,靖琪,50-150人,天使轮,浦东新区,大数据开发工程师,1-3年,本科,20k-35k,"工作氛围好,成长空间大,BAT投资,员工福利多","['1', '3']",1,"['20', '35']",20
上海联璧电子科技（集团）有限公司,联璧集团,500-2000人,B轮,松江区,大数据开发工程师,1-3年,本科,8k-15k,晋升空间,"['1', '3']",1,"['8', '15']",8
上海复歌信息科技有限公司,复歌科技,15-50人,A轮,静安区,大数据开发工程师,1-3年,本科,15k-25k,"五险一金,带薪休假,年底双薪,免费体检","['1', '3']",1,"['15', '25']",15
上海九路科技有限公司,九路科技,15-50人,未融资,静安区,大数据开发工程师,3-5年,本科,30k-55k,"团队大牛多,薪资给力","['3', '5']",3,"['30', '55']",30
上海彩亿信息技术有限公司,有鱼金融科技,500-2000人,不需要融资,徐汇区,大数据开发,5-10年,本科,25k-45k,亿级用户平台，行业前三，极客团队,"['5', '10']",5,"['25', '45']",25
高升控股股份有限公司,高升控股,150-500人,上市公司,长宁区,大数据研发工程师,1-3年,本科,15k-30k,"上市公司,出国旅游,各种补贴,生日礼物","['1', '3']",1,"['15', '30']",15
合肥庐阳区沥柏食品商行,沥柏网络,500-2000人,不需要融资,浦东新区,大数据开发工程师,3-5年,本科,20k-40k,"待遇优厚,弹性上班,团队氛围好,领导nic","['3', '5']",3,"['20', '40']",20
上海浦东发展银行股份有限公司信用卡中心,浦发卡中心,2000人以上,上市公司,浦东新区,大数据开发工程师,1-3年,本科,15k-25k,"潜力,高薪","['1', '3']",1,"['15', '25']",15
彩虹无线（北京）新技术有限公司,彩虹无线,50-150人,A轮,普陀区,高级大数据开发工程师,5-10年,本科,20k-40k,"六险一金,带薪年假,绩效激励,员工旅游","['5', '10']",5,"['20', '40']",20
上海云砥信息科技有限公司,云砥信息,50-150人,A轮,杨浦区,大数据开发工程师,1-3年,大专,10k-20k,"五险一金,午餐补贴,弹性工作,扁平管理","['1', '3']",1,"['10', '20']",10
上海跬智信息技术有限公司,Kyligence,50-150人,A轮,浦东新区,高级大数据开发工程师,1-3年,本科,20k-30k,从事APACHE开源工作；伙伴是技术大牛兼吃货,"['1', '3']",1,"['20', '30']",20
上海汇航捷讯网络科技有限公司,运去哪,150-500人,B轮,浦东新区,大数据开发工程师,3-5年,本科,15k-25k,"大数据,互联网B轮,美女如云,国际物流","['3', '5']",3,"['15', '25']",15
无锡华云数据技术服务有限公司,华云数据,500-2000人,D轮及以上,杨浦区,15-大数据开发经理,5-10年,本科,30k-40k,各项补贴 节日福利 弹性上下班 年度旅游,"['5', '10']",5,"['30', '40']",30
贝壳金控控股集团有限公司,贝壳金控,500-2000人,未融资,黄浦区,大数据开发工程师-SH02901,3-5年,本科,20k-40k,"五险一金,带薪年假","['3', '5']",3,"['20', '40']",20
上海七牛信息技术有限公司,七牛云,150-500人,D轮及以上,浦东新区,高级大数据工程师,3-5年,本科,15k-30k,六险一金 不打卡 出国旅游,"['3', '5']",3,"['15', '30']",15
上海浦东发展银行股份有限公司信用卡中心,浦发卡中心,2000人以上,上市公司,浦东新区,高级大数据开发工程师,3-5年,本科,20k-30k,"潜力,高薪","['3', '5']",3,"['20', '30']",20
银联智惠信息服务（上海）有限公司,银联智惠,50-150人,不需要融资,浦东新区,高级大数据开发工程师,3-5年,本科,20k-30k,"大数据,linux,hive,spark","['3', '5']",3,"['20', '30']",20
天翼电子商务有限公司,翼支付,500-2000人,上市公司,虹口区,大数据软件工程师 - 流计算方向,1-3年,本科,15k-28k,"八险二金,培训机会,各种补贴","['1', '3']",1,"['15', '28']",15
斯干网络科技有限公司,斯干,50-150人,B轮,徐汇区,大数据开发,1-3年,本科,15k-25k,"上升空间大,福利待遇好","['1', '3']",1,"['15', '25']",15
上海宝尊电子商务有限公司,宝尊电商,2000人以上,上市公司,闸北区,高级大数据开发工程师,3-5年,大专,18k-36k,"福利多多,年终分红,环境好,弹性工作","['3', '5']",3,"['18', '36']",18
携程计算机技术（上海）有限公司,携程,2000人以上,上市公司,长宁区,大数据开发工程师,3-5年,本科,15k-25k,弹性工时,"['3', '5']",3,"['15', '25']",15
上海彩亿信息技术有限公司,有鱼金融科技,500-2000人,不需要融资,徐汇区,高级大数据开发【徐汇】,3-5年,本科,12k-24k,多平台，快发展，极客团队，无限发挥！,"['3', '5']",3,"['12', '24']",12
美味不用等（上海）信息科技股份有限公司,美味不用等,500-2000人,D轮及以上,浦东新区,大数据开发工程师,1-3年,本科,15k-25k,免费健身房、下午茶，零弹性工作制,"['1', '3']",1,"['15', '25']",15
上海乐赚互联网金融信息服务有限公司,海尔金融,150-500人,A轮,浦东新区,大数据开发工程师,3-5年,本科,15K-30K,"全额缴金,丰厚年终奖,互金行业,海尔金控","['3', '5']",3,"['15', '30']",15
陕西掘金一号网络科技有限公司,掘金网络,15-50人,未融资,浦东新区,大数据开发工程师,3-5年,本科,15K-30K,公司五险一金，15薪，节日福利，交通补贴,"['3', '5']",3,"['15', '30']",15
京东商城,京东,2000人以上,上市公司,长宁区,大数据实时开发工程师,1-3年,本科,13k-26k,"高挑战,牛人多,平台大","['1', '3']",1,"['13', '26']",13
深圳平安综合金融服务有限公司,平安金服,2000人以上,上市公司,浦东新区,高级大数据开发工程师（互联网金融）上海,5-10年,本科,25k-50k,"福利好,奖金多,平台大,技术牛人多","['5', '10']",5,"['25', '50']",25
福建顶点软件股份有限公司,顶点软件,500-2000人,不需要融资,浦东新区,大数据系统工程师,1-3年,本科,8k-12k,"六险一金,节日福利,员工旅游,丰厚年终奖","['1', '3']",1,"['8', '12']",8
支付宝(杭州)信息技术有限公司,蚂蚁金服集团,2000人以上,B轮,浦东新区,大数据研发工程师/技术专家,1-3年,本科,24k-45k,"工程师文化,海量数据,技术驱动,蚂蚁期权","['1', '3']",1,"['24', '45']",24
上海海同优才教育培训有限责任公司,职坐标,150-500人,B轮,浦东新区,中/高级大数据研发工程师,1-3年,本科,15k-25k,"在线教育,B轮","['1', '3']",1,"['15', '25']",15
上海嵩恒网络科技股份有限公司,东方头条,500-2000人,不需要融资,浦东新区,大数据开发工程师,1-3年,本科,10k-20k,好,"['1', '3']",1,"['10', '20']",10
上海雅捷信息技术股份有限公司,雅捷,150-500人,上市公司,闵行区,大数据及人工智能,3-5年,硕士,15k-25k,股票期权,"['3', '5']",3,"['15', '25']",15
上海厚本金融信息服务有限公司,厚本金融,2000人以上,A轮,黄浦区,大数据开发经理,5-10年,本科,25k-40k,"发展空间大,福利好","['5', '10']",5,"['25', '40']",25
美味不用等（上海）信息科技股份有限公司,美味不用等,500-2000人,D轮及以上,浦东新区,大数据开发工程师-数据仓库,3-5年,本科,15k-25k,下午茶，零食畅吃，免费健身房，弹性工作制,"['3', '5']",3,"['15', '25']",15
埃毕致（上海）云计算科技有限公司,iBizSys,50-150人,未融资,徐汇区,大数据开发工程师,5-10年,本科,20k-30k,"节日福利,出差补贴,五险一金,带薪年假","['5', '10']",5,"['20', '30']",20
远东国际租赁有限公司,远东国际租赁有限公司,2000人以上,上市公司,浦东新区,高级大数据工程师,3-5年,本科,25k-40k,"弹性工作,扁平化,技术牛,发展机会多","['3', '5']",3,"['25', '40']",25
云俱阵（上海）信息科技有限公司,云俱阵,15-50人,A轮,浦东新区,大数据开发工程师/开发经理,1-3年,本科,15k-30k,"大咖云集,地铁沿线,扁平管理,节日福利","['1', '3']",1,"['15', '30']",15
上海诺诺镑客金融信息服务有限公司,麦子金服,500-2000人,A轮,徐汇区,大数据产品研发工程师,3-5年,本科,15k-25k,"工资自己定,期权任性法,半年晋升","['3', '5']",3,"['15', '25']",15
上海触乐信息科技有限公司,触宝,150-500人,D轮及以上,徐汇区,大数据平台开发工程师,1-3年,本科,25k-45k,"行业独角兽,大牛指导,环境极客,福利待遇佳","['1', '3']",1,"['25', '45']",25
北京思特奇信息技术股份有限公司,思特奇Si-tech,2000人以上,上市公司,浦东新区,产品经理-云和大数据,5-10年,本科,15k-22k,七险一金；福利补助；带薪年假；多项贺礼,"['5', '10']",5,"['15', '22']",15
北京三快在线科技有限公司,美团点评,2000人以上,D轮及以上,长宁区,大数据与机器学习研发专家,3-5年,本科,20k-40k,"弹性工作,加班补助,大牛团队,带薪休假","['3', '5']",3,"['20', '40']",20
唯品会（中国）有限公司,唯品会,2000人以上,上市公司,闵行区,大数据运维工程师,5-10年,本科,20k-35k,"包三餐,住房免息贷,六险一金","['5', '10']",5,"['20', '35']",20
珠海横琴极盛科技有限公司,极盛科技,500-2000人,上市公司,浦东新区,大数据应用开发工程师,3-5年,硕士,20k-40k,"1年16薪,海量数据","['3', '5']",3,"['20', '40']",20
上海宏路数据技术股份有限公司,Hypers,50-150人,上市公司,虹口区,大数据工程师（初级）,不限,本科,8k-16k,技术氛围好，发展空间巨大,[],0,"['8', '16']",8
上海比领网络科技有限公司,比领网络,50-150人,未融资,徐汇区,大数据技术负责人,3-5年,本科,20k-30k,大数据,"['3', '5']",3,"['20', '30']",20
广州尚洁洗涤用品有限公司,简洗,50-150人,未融资,黄浦区,大数据开发,3-5年,本科,25k-45k,"技术氛围好,谷歌大牛在,BAT","['3', '5']",3,"['25', '45']",25
上海意臣信息科技有限公司,意臣信息,150-500人,未融资,杨浦区,大数据开发工程师/数据分析,1-3年,本科,9k-18k,福利好,"['1', '3']",1,"['9', '18']",9
炫一下（北京）科技有限公司,一下科技,500-2000人,D轮及以上,徐汇区,高级大数据开发工程师,3-5年,本科,30k-60k,e轮融资5亿美金 高并发 用户量大,"['3', '5']",3,"['30', '60']",30
沪江教育科技（上海）股份有限公司,沪江,500-2000人,D轮及以上,浦东新区,高级大数据平台工程师 (MJ000681),3-5年,本科,25k-35k,互联网教育；弹性不打卡；,"['3', '5']",3,"['25', '35']",25
上海聚力传媒技术有限公司,PPTV聚力,500-2000人,D轮及以上,浦东新区,大数据开发工程师（龙珠直播）,3-5年,本科,15k-30k,五险一金，交通补贴，餐饮补贴,"['3', '5']",3,"['15', '30']",15
上海卧岚网络科技有限公司,卧岚科技,50-150人,不需要融资,浦东新区,大数据应用开发工程师,3-5年,本科,15k-25k,自由,"['3', '5']",3,"['15', '25']",15
晋商消费金融股份有限公司,晋消,150-500人,不需要融资,浦东新区,大数据平台开发工程师,不限,本科,23k-45k,"待遇优渥,弹性工作,扁平管理,年轻团队",[],0,"['23', '45']",23
上海跬智信息技术有限公司,Kyligence,50-150人,A轮,浦东新区,研发工程师（大数据，技术生态）,不限,本科,15k-30k,"股票期权,年度旅游,免费零食,公司氛围好",[],0,"['15', '30']",15
星环信息科技（上海）有限公司,星环科技,150-500人,C轮,徐汇区,大数据后端开发工程师,不限,本科,20k-40k,商业保险 补充公积金 技术牛人多 公司氛围,[],0,"['20', '40']",20
上海二三四五网络科技有限公司,2345.com,500-2000人,上市公司,浦东新区,高级大数据开发工程师,3-5年,本科,20k-35k,"上市公司,六险一金,免费早餐,免息车房贷","['3', '5']",3,"['20', '35']",20
深圳市大东豪科技有限公司,深圳大东豪科技,500-2000人,不需要融资,浦东新区,大数据开发,3-5年,本科,20k-40k,"五险一金,带薪年假","['3', '5']",3,"['20', '40']",20
上海寻梦信息技术有限公司,拼多多,500-2000人,C轮,长宁区,高级大数据研发工程师,不限,本科,20k-40k,"薪资高,福利好,奖金丰厚,成长快",[],0,"['20', '40']",20
上海幻电信息科技有限公司,哔哩哔哩,2000人以上,上市公司,浦东新区,大数据平台开发工程师（平台开发方向）,3-5年,本科,18k-36k,"快速发展,晋升空间大","['3', '5']",3,"['18', '36']",18
上海鲁班软件有限公司,鲁班软件,150-500人,不需要融资,杨浦区,大数据工程师（数据模型）,1-3年,本科,10k-20k,"五险一金,免费下午茶,公司氛围好,高成长","['1', '3']",1,"['10', '20']",10
北京字节跳动科技有限公司,字节跳动,2000人以上,C轮,徐汇区,大数据平台工程师,3-5年,本科,20k-40k,六险一金，弹性工作，免费三餐，餐补，租房补贴，带薪休假，健身瑜伽,"['3', '5']",3,"['20', '40']",20
东方财富信息股份有限公司,东方财富,2000人以上,上市公司,徐汇区,大数据运维工程师,3-5年,大专,20k-35k,五险一金 年底双薪 项目奖金 年度旅游,"['3', '5']",3,"['20', '35']",20
上海七牛信息技术有限公司,七牛云,150-500人,D轮及以上,浦东新区,大数据开发工程师（富媒体）,3-5年,本科,17k-34k,"六险一金,免费健身,弹性工作,绩效奖金","['3', '5']",3,"['17', '34']",17
上海印闪网络科技有限公司,RupiahPlus,150-500人,A轮,徐汇区,大数据科学家,3-5年,硕士,20k-40k,"上升空间,福利多多,气氛轻松,国际化业务","['3', '5']",3,"['20', '40']",20
创络（上海）数据科技有限公司,chinapex,50-150人,B轮,徐汇区,大数据/C端产品UED设计师,不限,本科,8k-15k,"老板好,弹性工作制",[],0,"['8', '15']",8
北京九章云极科技有限公司,九章云极科技,150-500人,B轮,长宁区,大数据交付工程师（APS）,3-5年,本科,18k-35k,"扁平管理,五险一金,15薪,弹性工作","['3', '5']",3,"['18', '35']",18
上海管易云计算软件有限公司,管易云,150-500人,不需要融资,浦东新区,大数据平台开发工程师,3-5年,本科,18k-30k,"大平台,新产品,专业领导,大空间","['3', '5']",3,"['18', '30']",18
上海瑭凌商务咨询有限公司,上海瑭凌商务咨询有限公司,15-50人,不需要融资,虹口区,大数据总监/Data vp,10年以上,本科,50k-100k,"独角兽公司,期权股票,薪资待遇好,大数据VP",['10'],10,"['50', '100']",50
珠海横琴极盛科技有限公司,极盛科技,500-2000人,上市公司,浦东新区,大数据应用高级工程师,3-5年,本科,20k-40k,"年度旅游,弹性工作,福利补贴,绩效奖金","['3', '5']",3,"['20', '40']",20
上海佰晟通信息科技有限公司,mo9,150-500人,C轮,黄浦区,大数据开发,3-5年,本科,13k-25k,"五险一金,年终奖,年度体检,年度旅游","['3', '5']",3,"['13', '25']",13
智慧芽信息科技（苏州）有限公司,智慧芽,150-500人,C轮,闸北区,销售绩效推动/激励（大数据/人工智能）,1-3年,本科,10k-18k,"业务分析,大数据,人工智能,BI","['1', '3']",1,"['10', '18']",10
苏州盈衍友诚信息科技有限公司,美好分期,150-500人,A轮,黄浦区,大数据可视化工程师,1-3年,本科,15k-25k,"五险一金,年底双薪,带薪年假,定期体检","['1', '3']",1,"['15', '25']",15
华院数据技术（上海）有限公司,华院数据,500-2000人,C轮,杨浦区,大数据分析师,3-5年,硕士,15k-25k,"发展空间大,六险一金,10天年假,各类补助","['3', '5']",3,"['15', '25']",15
珠海横琴极盛科技有限公司,极盛科技,500-2000人,上市公司,浦东新区,大数据可视化工程师,3-5年,本科,15k-25k,"年度旅游,弹性工作,福利补贴,绩效奖金","['3', '5']",3,"['15', '25']",15
上海七牛信息技术有限公司,七牛云,150-500人,D轮及以上,浦东新区,高级大数据开发工程师,3-5年,本科,15k-30k,"六险一金,免费健身,弹性工作,绩效奖金","['3', '5']",3,"['15', '30']",15
北京九章云极科技有限公司,九章云极科技,150-500人,B轮,长宁区,大数据交付工程师（MML）,3-5年,本科,15k-30k,"扁平管理,五险一金,15薪,弹性工作","['3', '5']",3,"['15', '30']",15
上海万得信息技术股份有限公司,上海万得信息技术股份有限公司,2000人以上,不需要融资,浦东新区,大数据平台工程师,5-10年,本科,20k-40k,"行业前景好,大公司,工作氛围好,优秀团队","['5', '10']",5,"['20', '40']",20
招商银行股份有限公司信用卡中心,招商银行信用卡中心,2000人以上,上市公司,浦东新区,大数据开发技术经理,5-10年,本科,30k-50k,职位晋升 年度旅游 年度体检 各类补贴,"['5', '10']",5,"['30', '50']",30
上海佰集信息科技有限公司,简书,50-150人,B轮,徐汇区,大数据平台专家,3-5年,本科,30k-40k,"大牛团队,创业氛围,福利多多,扁平管理","['3', '5']",3,"['30', '40']",30
上海巧房信息科技有限公司,巧房科技,150-500人,B轮,浦东新区,大数据总监,5-10年,本科,35k-45k,"绩效,年终奖","['5', '10']",5,"['35', '45']",35
上海维万广告有限公司,GrowingPeer,少于15人,天使轮,黄浦区,大数据平台高级工程师,3-5年,本科,20k-40k,"公司环境好,竞争力薪酬,五险一金,快速成长","['3', '5']",3,"['20', '40']",20
上海诺诺镑客金融信息服务有限公司,麦子金服,500-2000人,A轮,徐汇区,大数据应用开发岗,3-5年,本科,15k-25k,5A环境、一年两次晋级加薪、年终奖3-5月,"['3', '5']",3,"['15', '25']",15
上海画龙信息科技有限公司,Datatist,15-50人,A轮,徐汇区,大数据科学家,5-10年,硕士,30k-50k,大数据行业先锋，扁平管理，期权激励,"['5', '10']",5,"['30', '50']",30
阿基米德（上海）传媒有限公司,阿基米德fm,50-150人,B轮,长宁区,大数据算法工程师,3-5年,本科,15k-20k,"13薪,补充公积金,商业保险,饭补","['3', '5']",3,"['15', '20']",15
广东亚商教育科技股份有限公司,亚商,150-500人,不需要融资,虹口区,大数据总监,5-10年,本科,25k-50k,"大平台,福利好,待遇从优","['5', '10']",5,"['25', '50']",25
上海金融期货信息技术有限公司,中金所技术公司,150-500人,不需要融资,浦东新区,大数据开发岗,3-5年,本科,20k-30k,"发展平台大,团队和谐,海量数据","['3', '5']",3,"['20', '30']",20
北京字节跳动科技有限公司,字节跳动,2000人以上,C轮,徐汇区,大数据平台高级工程师,3-5年,本科,35k-70k,六险一金，弹性工作，免费三餐，餐补，租房补贴，带薪休假，健身瑜伽,"['3', '5']",3,"['35', '70']",35
上海证大喜马拉雅网络科技有限公司,喜马拉雅,500-2000人,D轮及以上,浦东新区,大数据开发工程师（中级）,1-3年,本科,10k-18k,音频独角兽，技术大牛，发展平台、弹性工作,"['1', '3']",1,"['10', '18']",10
上海鲁班软件有限公司,鲁班软件,150-500人,不需要融资,杨浦区,大数据工程师（数据分析）,3-5年,本科,10k-20k,"五险一金,免费下午茶,公司氛围好,高成长","['3', '5']",3,"['10', '20']",10
厦门市杜若科技有限公司,杜若科技,15-50人,未融资,徐汇区,大数据管理员,不限,不限,3k-5k,"五险一金,包住",[],0,"['3', '5']",3
上海画龙信息科技有限公司,Datatist,15-50人,A轮,徐汇区,高级大数据实施工程师,5-10年,本科,15k-30k,"大数据公司,硅谷团队,股票期权,带薪假期","['5', '10']",5,"['15', '30']",15
京东商城,京东,2000人以上,上市公司,长宁区,大数据挖掘工程师,1-3年,本科,15k-25k,"福利好,牛人多,技术牛","['1', '3']",1,"['15', '25']",15
上海维信荟智金融科技有限公司,维信金融科技集团,2000人以上,不需要融资,虹口区,大数据应用经理(J10461),3-5年,本科,30k-50k,"五险一金,稳定平台,高效团队","['3', '5']",3,"['30', '50']",30
上海寻梦信息技术有限公司,拼多多,500-2000人,C轮,,大数据平台开发工程师,3-5年,本科,20k-40k,千万级用户APP 平台发展快 团队年轻有活力,"['3', '5']",3,"['20', '40']",20
上海德启信息科技有限公司,德邦,2000人以上,不需要融资,青浦区,大数据技术专家,10年以上,大专,40k-80k,"上市公司,规模大,晋升空间大",['10'],10,"['40', '80']",40
炫一下（北京）科技有限公司,一下科技,500-2000人,D轮及以上,徐汇区,大数据研发工程师（数据应用）,1-3年,本科,20k-40k,e轮融资5亿美金 高并发 用户量大,"['1', '3']",1,"['20', '40']",20
算话征信有限公司,算话征信,50-150人,B轮,长宁区,大数据分析师,1-3年,本科,8k-13k,"绩效奖金,优秀团队,福利津贴,弹性工作","['1', '3']",1,"['8', '13']",8
上海中软华腾软件系统有限公司,上海中软华腾软件系统有限公司,2000人以上,上市公司,浦东新区,大数据架构师,5-10年,本科,20k-35k,上升空间大,"['5', '10']",5,"['20', '35']",20
上海国益信息中心有限公司,国益信息,150-500人,不需要融资,徐汇区,大数据情报处理专员,1-3年,本科,5k-10k,"五险一金,扁平化管理,年底双薪,员工旅游","['1', '3']",1,"['5', '10']",5
上海思华科技股份有限公司,思华科技,150-500人,D轮及以上,浦东新区,售前工程师（大数据）,1-3年,本科,8k-15k,六险一金 带薪病事假,"['1', '3']",1,"['8', '15']",8
上海彩亿信息技术有限公司,有鱼金融科技,500-2000人,不需要融资,徐汇区,大数据架构师,5-10年,本科,20k-35k,亿级用户平台，即将上市，发挥空间大,"['5', '10']",5,"['20', '35']",20
腾讯科技(深圳)有限公司,腾讯,2000人以上,上市公司,徐汇区,大数据高级开发工程师,3-5年,本科,15k-30k,腾讯大平台,"['3', '5']",3,"['15', '30']",15
上海证大喜马拉雅网络科技有限公司,喜马拉雅,500-2000人,D轮及以上,浦东新区,大数据开发工程师（高级）,3-5年,本科,18k-25k,音频独角兽，技术大牛，发展平台、弹性工作,"['3', '5']",3,"['18', '25']",18
上海彩亿信息技术有限公司,有鱼金融科技,500-2000人,不需要融资,徐汇区,大数据产品经理,不限,本科,12k-24k,亿级用户、行业前三、金融科技,[],0,"['12', '24']",12
上海喔噻互联网科技有限公司,喔噻科技,500-2000人,B轮,普陀区,高级大数据开发工程师（上海总部／苏州研发中心）,3-5年,本科,20k-40k,"平台大,福利好,大牛多,股票期权","['3', '5']",3,"['20', '40']",20
上海优刻得信息科技有限公司,UCloud,500-2000人,D轮及以上,杨浦区,大数据平台产品研发工程师,不限,不限,20k-40k,"六险一金,弹性工作,年终旅游,技术挑战",[],0,"['20', '40']",20
北京爱奇艺科技有限公司,爱奇艺,2000人以上,上市公司,长宁区,高级大数据研发工程师,3-5年,本科,20k-35k,发展前景好,"['3', '5']",3,"['20', '35']",20
上海爱邻网络科技有限公司,爱邻,15-50人,未融资,浦东新区,大数据开发/架构,3-5年,本科,25K-45K,福利待遇，发展前景,"['3', '5']",3,"['25', '45']",25
上海寻梦信息技术有限公司,拼多多,500-2000人,C轮,长宁区,大数据服务系统开发,3-5年,本科,25k-50k,"福利好,大牛多,成长快","['3', '5']",3,"['25', '50']",25
武汉智想新创科技有限公司,智想新创科技,500-2000人,不需要融资,浦东新区,大数据架构师/大数据高级开发工程师,5-10年,大专,25k-50k,"大数据开发,大数据架构","['5', '10']",5,"['25', '50']",25
珠海横琴极盛科技有限公司,极盛科技,500-2000人,上市公司,浦东新区,算法工程师（大数据）,1-3年,硕士,20k-40k,"1年16薪,海量数据","['1', '3']",1,"['20', '40']",20
上海前隆信息科技有限公司,前隆科技,500-2000人,B轮,虹口区,大数据架构师,5-10年,本科,20k-25k,待遇佳,"['5', '10']",5,"['20', '25']",20
上海经达信息科技股份有限公司,上海经达,15-50人,不需要融资,徐汇区,大数据模型算法工程师,1-3年,本科,10k-20k,"平台大,客户高端,有上升空间","['1', '3']",1,"['10', '20']",10
圆通速递有限公司,圆通,2000人以上,上市公司,青浦区,大数据产品经理,1-3年,本科,12k-24k,"上市公司,大牛团队,大平台,机会多","['1', '3']",1,"['12', '24']",12
上海帜讯信息技术股份有限公司,帜讯信息,500-2000人,上市公司,浦东新区,大数据算法工程师,3-5年,本科,20k-35k,补充公积金/探亲假/交通补贴/年终奖,"['3', '5']",3,"['20', '35']",20
上海大岂网络科技有限公司,MoSeeker仟寻,50-150人,B轮,徐汇区,大数据架构师,5-10年,本科,30k-50k,"团队氛围好,超长年假,平台空间大","['5', '10']",5,"['30', '50']",30
上海享骑电动车服务有限公司,享骑出行,150-500人,未融资,闵行区,大数据平台资深工程师,5-10年,不限,20k-40k,"发展前景好,成长空间大","['5', '10']",5,"['20', '40']",20
上海晋景数据科技有限公司,上海晋景数据,少于15人,不需要融资,静安区,大数据架构师,3-5年,本科,20k-40k,"高薪资,技术型公司","['3', '5']",3,"['20', '40']",20
上海爱可生信息技术股份有限公司,爱可生,150-500人,B轮,徐汇区,大数据解决方案经理,5-10年,硕士,15k-25k,"新三板,团建,技术大牛","['5', '10']",5,"['15', '25']",15
光大云付互联网股份有限公司,光大云付,50-150人,不需要融资,浦东新区,大数据算法工程师,不限,本科,20k-30k,"团队强悍,全薪丰厚,扁平管理,晋升空间广",[],0,"['20', '30']",20
拉扎斯网络科技（上海）有限公司,饿了么,2000人以上,D轮及以上,普陀区,资深/专家产品经理（大数据方向）,3-5年,本科,15k-30k,数据领域大神等你一起来玩耍,"['3', '5']",3,"['15', '30']",15
上海知助数据科技有限公司,知助数据,少于15人,天使轮,浦东新区,大数据服务后端工程师,不限,本科,10k-16k,"前沿技术,员工期权,发展空间大",[],0,"['10', '16']",10
上海脉豪商务信息咨询有限公司,眸事网,150-500人,天使轮,虹口区,大数据架构师,3-5年,本科,25K-40K,行业先锋 智能语音 发展空间大 数据驱动,"['3', '5']",3,"['25', '40']",25
上海帜讯信息技术股份有限公司,帜讯信息,500-2000人,上市公司,浦东新区,大数据技术总监,10年以上,本科,35k-60k,"大数据平台,股票期权,团队大牛多,工作氛",['10'],10,"['35', '60']",35
达疆网络科技（上海）有限公司,达达-京东到家,2000人以上,D轮及以上,浦东新区,大数据平台开发,3-5年,本科,15k-30k,"大数据,数据驱动","['3', '5']",3,"['15', '30']",15
上海商涌网络科技有限公司,商涌网络,15-50人,天使轮,浦东新区,大数据业务发展经理,1-3年,本科,10k-20k,"发展前景好,学习空间大,团队氛围好,新兴行业","['1', '3']",1,"['10', '20']",10
天翼电子商务有限公司,翼支付,500-2000人,上市公司,虹口区,大数据人工智能工程师 - 深度学习方向,1-3年,本科,25k-30k,"八险二金,培训机会,各种补贴","['1', '3']",1,"['25', '30']",25
上海合合信息科技发展有限公司,名片全能王,150-500人,C轮,静安区,大数据架构师,5-10年,本科,25k-40k,"亿级用户,领导好,福利好,团队氛围好","['5', '10']",5,"['25', '40']",25
上海懿天网络科技有限公司,Versa,15-50人,A轮,徐汇区,大数据产品经理,3-5年,本科,25k-35k,"AI,扁平化,弹性工作,交通方便","['3', '5']",3,"['25', '35']",25
招商银行股份有限公司信用卡中心,招商银行信用卡中心,2000人以上,上市公司,浦东新区,大数据平台研发工程师（O2o）,3-5年,本科,20k-35k,专业团队、技术大牛、赋能文化,"['3', '5']",3,"['20', '35']",20
上海合合信息科技发展有限公司,名片全能王,150-500人,C轮,静安区,大数据产品经理,5-10年,本科,15k-30k,"大数据,人工智能,团队专业,产品一流","['5', '10']",5,"['15', '30']",15
北京爱奇艺科技有限公司,爱奇艺,2000人以上,上市公司,长宁区,大数据开发经理,5-10年,本科,25k-40k,发展前景好,"['5', '10']",5,"['25', '40']",25
上海无学网络科技有限公司,www.91wuxue.cn,15-50人,天使轮,徐汇区,大数据架构师,5-10年,本科,15k-30k,"灵活,努力,和业内顶尖","['5', '10']",5,"['15', '30']",15
上海狮博实业投资有限公司,狮博,15-50人,不需要融资,静安区,大数据架构师,5-10年,本科,20k-40k,"六险一金,车贴餐补,旅游基金,至少14薪","['5', '10']",5,"['20', '40']",20
上海幻电信息科技有限公司,哔哩哔哩,2000人以上,上市公司,杨浦区,大数据架构师,5-10年,本科,35K-45K,五险一金，年终奖金,"['5', '10']",5,"['35', '45']",35
苏州盈衍友诚信息科技有限公司,美好分期,150-500人,A轮,黄浦区,大数据科学家,1-3年,本科,15k-25k,"五险一金,年底双薪,带薪年假,定期体检","['1', '3']",1,"['15', '25']",15
长沙数云信息技术服务有限公司,数云大数据,15-50人,未融资,浦东新区,大数据讲师,3-5年,本科,15k-30k,"年底双薪,期权分红,项目奖金,弹性工作","['3', '5']",3,"['15', '30']",15
上海宝尊电子商务有限公司,宝尊电商,2000人以上,上市公司,闸北区,大数据开发经理,5-10年,大专,20k-40k,"环境好,领导nic,福利多多,弹性工作","['5', '10']",5,"['20', '40']",20
上海汉询软件有限公司,汉询软件,15-50人,不需要融资,闵行区,大数据架构师,5-10年,大专,30k-50k,"五险一金,带薪休假,公司旅游","['5', '10']",5,"['30', '50']",30
钱包生活（平潭）科技有限公司上海分公司,钱包生活,2000人以上,B轮,闵行区,大数据产品经理,3-5年,本科,20k-30k,"五险两金,试用期不打,地铁周边,工作氛围好","['3', '5']",3,"['20', '30']",20
上海云济信息科技有限公司,复星云济,2000人以上,上市公司,徐汇区,大数据架构师,3-5年,本科,30K-60K,福利好、有发展空间,"['3', '5']",3,"['30', '60']",30
北京九章云极科技有限公司,九章云极科技,150-500人,B轮,长宁区,大数据分析师,3-5年,本科,15K-30K,技术大牛  技术驱动 Geek氛围,"['3', '5']",3,"['15', '30']",15
上海彩亿信息技术有限公司,有鱼金融科技,500-2000人,不需要融资,徐汇区,大数据挖掘【徐汇】,不限,本科,10k-20k,优质平台，行业前三，海量数据，极客文化,[],0,"['10', '20']",10
上海金融期货信息技术有限公司,中金所技术公司,150-500人,不需要融资,浦东新区,大数据专家,5-10年,本科,50k-80k,"团队和谐,海量数据,升值空间大","['5', '10']",5,"['50', '80']",50
上海众调信息科技有限公司,上海众调科技,50-150人,A轮,杨浦区,大数据科学家,5-10年,硕士,20k-40k,"交通便利,明日之星,核心职位,团队不错","['5', '10']",5,"['20', '40']",20
达疆网络科技（上海）有限公司,达达-京东到家,2000人以上,D轮及以上,浦东新区,大数据平台开发,3-5年,本科,20k-35k,"工作氛围,数据量","['3', '5']",3,"['20', '35']",20
上海祺玖电子商务有限公司,上海祺玖电子商务有限公司,150-500人,不需要融资,虹口区,大数据架构师,5-10年,本科,30k-35k,"弹性工作,五险一金,股权分配,周末双休","['5', '10']",5,"['30', '35']",30
上海图趣信息科技有限公司,图趣科技,15-50人,A轮,浦东新区,大数据高级工程师（data base）,3-5年,本科,25k-50k,"大数据,高精地图,自动驾驶,Uber","['3', '5']",3,"['25', '50']",25
上海德启信息科技有限公司,德邦,2000人以上,不需要融资,青浦区,大数据产品专家,10年以上,大专,40k-80k,"上市公司,完善制度,晋升空间大",['10'],10,"['40', '80']",40
上海爱可生信息技术股份有限公司,爱可生,150-500人,B轮,徐汇区,售前工程师（大数据方向）,5-10年,本科,13k-26k,"新三板,团建,技术大牛","['5', '10']",5,"['13', '26']",13
上海卡行天下供应链管理有限公司,卡行天下,2000人以上,D轮及以上,长宁区,架构师（大数据方向）,5-10年,本科,20k-40k,"平台大,成长快,领导好,氛围好","['5', '10']",5,"['20', '40']",20
上海中通吉网络技术有限公司,中通快递,2000人以上,上市公司,青浦区,大数据系统架构师,5-10年,本科,30k-50k,"大数据,扁平化","['5', '10']",5,"['30', '50']",30
蓝月亮（中国）有限公司,蓝月亮,2000人以上,不需要融资,闵行区,产品经理（大数据）,3-5年,本科,25k-50k,"五险一金,食宿,餐补,薪酬竞争力","['3', '5']",3,"['25', '50']",25
上海汇付数据服务有限公司,汇付,500-2000人,C轮,徐汇区,大数据产品经理,3-5年,本科,20k-35k,"大数据,产品经理,BI,金融","['3', '5']",3,"['20', '35']",20
上海帜讯信息技术股份有限公司,帜讯信息,500-2000人,上市公司,浦东新区,大数据架构师,5-10年,本科,28k-40k,"行业领头羊,股票期权,探亲假,工作氛围好","['5', '10']",5,"['28', '40']",28
秒针信息技术有限公司,秒针系统,500-2000人,D轮及以上,长宁区,大数据项目经理,5-10年,本科,15k-25k,"上升空间,福利待遇好,团队氛围好","['5', '10']",5,"['15', '25']",15
上海脉豪商务信息咨询有限公司,眸事网,150-500人,天使轮,虹口区,大数据渠道经理,3-5年,大专,10k-15k,互联网大数据人工智能精准营销,"['3', '5']",3,"['10', '15']",10
国泰君安证券股份有限公司,国泰君安证券股份有限公司,2000人以上,上市公司,浦东新区,上海分公司信息技术部 - 大数据挖掘岗,3-5年,本科,10k-20k,国内综合实力最强的证券公司之一,"['3', '5']",3,"['10', '20']",10
上海掌小门教育科技有限公司,掌门1对1在线教育,500-2000人,D轮及以上,虹口区,大数据架构师,5-10年,本科,25k-40k,"在线教育,D轮,技术大佬,团队氛围","['5', '10']",5,"['25', '40']",25
上海中软华腾软件系统有限公司,上海中软华腾软件系统有限公司,2000人以上,上市公司,浦东新区,中高级大数据开发（金融）,3-5年,本科,15k-30k,"大数据,人工智能,AI","['3', '5']",3,"['15', '30']",15
聚时科技（上海）有限公司,聚时科技（上海）有限公司Matrixtime Robotics,50-150人,天使轮,闵行区,大数据技术总监,5-10年,硕士,30K-60K,人工智能，机器视觉，机器学习,"['5', '10']",5,"['30', '60']",30
中腾信金融信息服务（上海）有限公司,中腾信,2000人以上,不需要融资,虹口区,大数据架构师,5-10年,本科,28k-35k,"丰厚奖金,高温补贴,六险一金,福利年休假","['5', '10']",5,"['28', '35']",28
上海享物说网络科技有限公司,享物说,50-150人,B轮,徐汇区,大数据分析师,3-5年,本科,20k-40k,"大牛云集,团队氛围好,发展空间大,零食下午茶","['3', '5']",3,"['20', '40']",20
北京满运物流信息有限公司,运满满,500-2000人,D轮及以上,浦东新区,大数据架构师,5-10年,本科,25K-45K,福利非常好，职位高,"['5', '10']",5,"['25', '45']",25
上海文什数据科技有限公司,上海文什数据科技有限公司,15-50人,A轮,杨浦区,大数据挖掘工程师,1-3年,本科,8k-15k,"五险一金,补充公积金,员工体检,项目奖金","['1', '3']",1,"['8', '15']",8
即科金融信息服务（上海）有限公司,GeexFinance,150-500人,A轮,杨浦区,大数据挖掘/人工智能/神经网络算法科学家,5-10年,博士,80k-100k,"大牛云集,五险一金,公司团建","['5', '10']",5,"['80', '100']",80
天翼征信有限公司,天翼征信有限公司,50-150人,不需要融资,虹口区,大数据产品经理,3-5年,本科,20k-40k,"平台好,公司氛围好,节日福利,生日福利","['3', '5']",3,"['20', '40']",20
北京九章云极科技有限公司,九章云极科技,150-500人,B轮,长宁区,大数据架构师,5-10年,本科,20k-40k,"技术驱动,领导好,带薪年假,绩效奖金","['5', '10']",5,"['20', '40']",20
北京国双科技有限公司,Gridsum 国双,500-2000人,上市公司,静安区,高级架构师（大数据方向）,5-10年,本科,40k-60k,上市公司 发展空间大 氛围好 牛人多,"['5', '10']",5,"['40', '60']",40
上海点融信息科技有限责任公司,点融,150-500人,D轮及以上,黄浦区,大数据开发工程师（大数据平台架构方向）,3-5年,硕士,18k-30k,"大牛多,弹性工时","['3', '5']",3,"['18', '30']",18
韩领网络科技（上海）有限公司,Coupang,150-500人,不需要融资,朝阳区,大数据架构师,5-10年,本科,28K-45K,"弹性工作制,技术氛围强,技术自由度,国外出差","['5', '10']",5,"['28', '45']",28
威比网络科技（上海）有限公司,TutorABC英语,2000人以上,C轮,浦东新区,高级大数据分析师,3-5年,本科,10k-20k,"五险一金,定期体检,咖啡早点","['3', '5']",3,"['10', '20']",10
百姓网股份有限公司,百姓网,500-2000人,上市公司,徐汇区,大数据平台高级工程师,3-5年,本科,20k-35k,工程师文化 开放 福利待遇佳,"['3', '5']",3,"['20', '35']",20
即科金融信息服务（上海）有限公司,GeexFinance,150-500人,A轮,杨浦区,大数据挖掘/人工智能/神经网络算法工程师,1-3年,硕士,20k-40k,"团建,大牛云集","['1', '3']",1,"['20', '40']",20
上海秦苍信息科技有限公司,买单侠,500-2000人,C轮,浦东新区,大数据架构师,5-10年,本科,25k-40k,"扁平化管理,弹性工作","['5', '10']",5,"['25', '40']",25
上海维跃信息科技有限公司,善诊,50-150人,B轮,浦东新区,大数据平台架构师,3-5年,本科,35k-45k,"重视人才,发展空间大,业务上升期,高薪","['3', '5']",3,"['35', '45']",35
星环信息科技（上海）有限公司,星环科技,150-500人,C轮,徐汇区,大数据架构师—北京,3-5年,本科,16k以上,发展前景好 大牛多 成长快,"['3', '5']",3,['16'],16
上海文什数据科技有限公司,上海文什数据科技有限公司,15-50人,A轮,杨浦区,工业大数据算法工程师,1-3年,硕士,6k-12k,"五险一金,补充公积金,员工体检,带薪年假","['1', '3']",1,"['6', '12']",6
上海思华科技股份有限公司,思华科技,150-500人,D轮及以上,浦东新区,项目经理（大数据方向）,1-3年,本科,10k-20k,六险一金 带薪病事假,"['1', '3']",1,"['10', '20']",10
上海诗宝通讯技术有限公司,诗宝通讯,15-50人,天使轮,静安区,物联网大数据总监,3-5年,大专,8k-16k,"做五休二,带薪休假,年终奖金,五险一金","['3', '5']",3,"['8', '16']",8
上海享物说网络科技有限公司,享物说,50-150人,B轮,徐汇区,大数据架构师,3-5年,本科,30k-50k,"发展空间大,团队氛围好,大牛云集,弹性工作","['3', '5']",3,"['30', '50']",30
微医集团（浙江）有限公司,微医集团,500-2000人,C轮,徐汇区,大数据架构师,5-10年,本科,30k-35k,"五险一金,周末双休,弹性工作,带薪年假","['5', '10']",5,"['30', '35']",30
杭州谦信投资管理合伙企业（有限合伙）,谦信投资,少于15人,不需要融资,黄浦区,金融大数据工程师,不限,本科,8k-15k,"团队优秀,扁平管理,氛围良好",[],0,"['8', '15']",8
深圳市博奥特科技有限公司,博奥特科技,150-500人,未融资,浦东新区,BI大数据开发工程师,3-5年,本科,14k-20k,"五险一金,带薪休假,节日红包,弹性工作","['3', '5']",3,"['14', '20']",14
上海派拉软件股份有限公司,派拉软件,150-500人,上市公司,浦东新区,大数据架构师,5-10年,本科,25k-35k,"晋升空间大,产品研发,待遇优厚","['5', '10']",5,"['25', '35']",25
唯品会（中国）有限公司,唯品会,2000人以上,上市公司,闵行区,大数据平台高级开发工程师,5-10年,本科,25k-40k,"技术挑战大,团队氛围好","['5', '10']",5,"['25', '40']",25
苏州博世猫网络科技有限公司,Bossmall博世猫,150-500人,B轮,杨浦区,大数据架构师,5-10年,本科,30k-60k,"16薪,期权,弹性工作,加班少","['5', '10']",5,"['30', '60']",30
上海宏原信息科技有限公司,MarcPoint,15-50人,天使轮,徐汇区,大数据架构师,5-10年,本科,20k-40k,"优秀团队,快速成长,弹性工作,零食饮料","['5', '10']",5,"['20', '40']",20
易玩（上海）网络科技有限公司,TapTap,50-150人,A轮,闸北区,大数据平台架构师,3-5年,本科,30k-50k,"知名团队,技术导向,福利好,办公环境优","['3', '5']",3,"['30', '50']",30
哦加哦网络科技（上海）有限公司,猩便利,500-2000人,A轮,黄浦区,大数据架构师,5-10年,本科,35k-65k,发展前景好,"['5', '10']",5,"['35', '65']",35
科大讯飞股份有限公司,科大讯飞,2000人以上,上市公司,浦东新区,消费者BG-大数据开发工程师,1-3年,本科,15k-25k,"双休,五险一金,法定节假日,餐补交通补","['1', '3']",1,"['15', '25']",15
韩领网络科技（上海）有限公司,Coupang,150-500人,不需要融资,浦东新区,大数据开发架构师-Seller Intellige,5-10年,本科,28k-45k,"弹性工作制,补充公积金,定期体检,国外出差","['5', '10']",5,"['28', '45']",28
北京九章云极科技有限公司,九章云极科技,150-500人,B轮,长宁区,大数据架构师,3-5年,本科,30K-50K,技术大牛  技术驱动 Geek氛围,"['3', '5']",3,"['30', '50']",30
上海掌小门教育科技有限公司,掌门1对1在线教育,500-2000人,D轮及以上,虹口区,大数据架构师,5-10年,本科,25k-50k,"技术前沿,技术大佬,团队氛围,在线教育","['5', '10']",5,"['25', '50']",25
上海证大喜马拉雅网络科技有限公司,喜马拉雅,500-2000人,D轮及以上,浦东新区,大数据架构师,3-5年,本科,28k-40k,技术大牛，音频独角兽，弹性工作，发展平台,"['3', '5']",3,"['28', '40']",28
招商银行股份有限公司信用卡中心,招商银行信用卡中心,2000人以上,上市公司,浦东新区,大数据平台研发技术经理,5-10年,本科,30k-50k,职位晋升 年度体检 年终奖 年度旅游,"['5', '10']",5,"['30', '50']",30
众安在线财产保险股份有限公司,众安保险,2000人以上,上市公司,黄浦区,大数据开发（商业数据线）,1-3年,本科,15k-30k,高速发展，薪资福利优渥,"['1', '3']",1,"['15', '30']",15
人本集团有限公司,人本,500-2000人,不需要融资,浦东新区,大数据技术总监,5-10年,本科,40k-60k,"福利好,业务模式好,有发展","['5', '10']",5,"['40', '60']",40
前海煦逸信息技术（深圳）有限公司,ezbuy,500-2000人,C轮,浦东新区,大数据架构师,3-5年,本科,20k-40k,"带薪年假多,弹性办公,团队氛围佳,跨境电商","['3', '5']",3,"['20', '40']",20
同程网络科技股份有限公司,同程艺龙,2000人以上,D轮及以上,普陀区,大数据架构师,5-10年,本科,40k-60k,福利待遇、发展空间,"['5', '10']",5,"['40', '60']",40
上海德启信息科技有限公司,德邦,2000人以上,不需要融资,青浦区,大数据产品专家,10年以上,大专,40k-80k,"上市公司,完善制度,晋升空间大",['10'],10,"['40', '80']",40
上海创蓝文化传播有限公司,上海创蓝文化传播有限公司,150-500人,未融资,松江区,大数据架构师,5-10年,本科,35k-50k,"五险一金,期权奖励,年底双薪,福利待遇赞","['5', '10']",5,"['35', '50']",35
珠海横琴极盛科技有限公司,极盛科技,500-2000人,上市公司,浦东新区,大数据系统架构师,5-10年,大专,20k-40k,"年度旅游,弹性工作,福利补贴,绩效奖金","['5', '10']",5,"['20', '40']",20
两鲜商贸（上海）有限公司,两鲜,150-500人,A轮,浦东新区,大数据平台架构师,5-10年,本科,25k-50k,"氛围轻松,具有挑战,青春活力,吃吃喝喝","['5', '10']",5,"['25', '50']",25
北京九章云极科技有限公司,九章云极科技,150-500人,B轮,长宁区,资深大数据架构师,5-10年,本科,30k-50k,"领导好,技术驱动,六险一金,成长型公司","['5', '10']",5,"['30', '50']",30
上海领健信息技术有限公司,领健信息,150-500人,B轮,浦东新区,大数据平台统一数据服务-高级开发工程师-00382,5-10年,大专,18k-25k,"晋升空间大,团队好,产品牛","['5', '10']",5,"['18', '25']",18
连尚（北京）网络科技有限公司,掌门集团,500-2000人,B轮,浦东新区,大数据系统架构师,3-5年,本科,40k-50k,"发展空间大,工作氛围好","['3', '5']",3,"['40', '50']",40
百联全渠道电子商务有限公司,百联全渠道电商,500-2000人,不需要融资,黄浦区,资深大数据架构师,5-10年,本科,30k-50k,"集团项目,数据量大","['5', '10']",5,"['30', '50']",30
上海秦苍信息科技有限公司,买单侠,500-2000人,C轮,浦东新区,大数据支持,1-3年,本科,12k-18k,"晋升空间,福利好,补充商业险,弹性工作","['1', '3']",1,"['12', '18']",12
创络（上海）数据科技有限公司,chinapex,50-150人,B轮,徐汇区,大数据产品经理,1-3年,本科,15k-25k,"发展空间大,技能培训,领导好,弹性工作","['1', '3']",1,"['15', '25']",15
新城控股集团股份有限公司上海第一分公司,新城控股,2000人以上,上市公司,普陀区,大数据资深专业经理,5-10年,本科,30k-55k,"大平台,高薪资,团队强,规范","['5', '10']",5,"['30', '55']",30
深圳市博奥特科技有限公司,博奥特科技,150-500人,未融资,浦东新区,BI大数据,3-5年,本科,10k-18k,"节日福利,弹性工作,五险一金,生日福利","['3', '5']",3,"['10', '18']",10
上海中通吉网络技术有限公司,中通快递,2000人以上,上市公司,青浦区,大数据安全研发专家,5-10年,大专,25k-45k,"五险一金,班车,扁平化","['5', '10']",5,"['25', '45']",25
北京满运物流信息有限公司,运满满,500-2000人,D轮及以上,长宁区,大数据平台架构师,5-10年,不限,35k-70k,"独角兽,阿里投资,一晚级","['5', '10']",5,"['35', '70']",35
上海爱可生信息技术股份有限公司,爱可生,150-500人,B轮,徐汇区,大数据分析师,3-5年,本科,15k-30k,"新三板,技术大牛,零食水果供,团建","['3', '5']",3,"['15', '30']",15
上海拍拍贷金融信息服务有限公司,拍拍贷,2000人以上,上市公司,浦东新区,大数据测试工程师,5-10年,本科,15k-25k,"发展空间大,福利多多,发展空间大,上市公司","['5', '10']",5,"['15', '25']",15
